[{"model": "admin.logentry", "pk": 1, "fields": {"action_time": "2021-02-07T18:41:31.187Z", "user": 1, "content_type": 7, "object_id": "1", "object_repr": "دیجیتال", "action_flag": 1, "change_message": "[{\"added\": {}}]"}}, {"model": "admin.logentry", "pk": 2, "fields": {"action_time": "2021-02-07T18:41:46.494Z", "user": 1, "content_type": 7, "object_id": "1", "object_repr": "دیجیتال", "action_flag": 2, "change_message": "[{\"changed\": {\"fields\": [\"Cropping\", \"Crop It\"]}}]"}}, {"model": "admin.logentry", "pk": 3, "fields": {"action_time": "2021-02-07T18:44:54.742Z", "user": 1, "content_type": 7, "object_id": "2", "object_repr": "مد‌ و پوشاک", "action_flag": 1, "change_message": "[{\"added\": {}}]"}}, {"model": "admin.logentry", "pk": 4, "fields": {"action_time": "2021-02-07T18:45:29.001Z", "user": 1, "content_type": 7, "object_id": "2", "object_repr": "مد‌ و پوشاک", "action_flag": 2, "change_message": "[{\"changed\": {\"fields\": [\"Cropping\"]}}]"}}, {"model": "admin.logentry", "pk": 5, "fields": {"action_time": "2021-02-07T18:52:55.708Z", "user": 1, "content_type": 7, "object_id": "3", "object_repr": "لوازم تحریر و هنر", "action_flag": 1, "change_message": "[{\"added\": {}}]"}}, {"model": "admin.logentry", "pk": 6, "fields": {"action_time": "2021-02-07T18:53:03.785Z", "user": 1, "content_type": 7, "object_id": "3", "object_repr": "لوازم تحریر و هنر", "action_flag": 2, "change_message": "[{\"changed\": {\"fields\": [\"Cropping\"]}}]"}}, {"model": "admin.logentry", "pk": 7, "fields": {"action_time": "2021-02-07T18:56:14.153Z", "user": 1, "content_type": 7, "object_id": "4", "object_repr": "آشپزخانه", "action_flag": 1, "change_message": "[{\"added\": {}}]"}}, {"model": "admin.logentry", "pk": 8, "fields": {"action_time": "2021-02-07T18:56:22.699Z", "user": 1, "content_type": 7, "object_id": "4", "object_repr": "آشپزخانه", "action_flag": 2, "change_message": "[{\"changed\": {\"fields\": [\"Cropping\"]}}]"}}, {"model": "admin.logentry", "pk": 9, "fields": {"action_time": "2021-02-07T19:11:10.402Z", "user": 1, "content_type": 26, "object_id": "1", "object_repr": "35% تخفیف", "action_flag": 1, "change_message": "[{\"added\": {}}]"}}, {"model": "admin.logentry", "pk": 10, "fields": {"action_time": "2021-02-07T19:13:30.094Z", "user": 1, "content_type": 26, "object_id": "2", "object_repr": "خرید از خونه آسون و ارزونه", "action_flag": 1, "change_message": "[{\"added\": {}}]"}}, {"model": "admin.logentry", "pk": 11, "fields": {"action_time": "2021-02-07T19:28:38.694Z", "user": 1, "content_type": 26, "object_id": "3", "object_repr": "جشنواره فروش محصولات", "action_flag": 1, "change_message": "[{\"added\": {}}]"}}, {"model": "admin.logentry", "pk": 12, "fields": {"action_time": "2021-02-07T19:34:55.065Z", "user": 1, "content_type": 26, "object_id": "4", "object_repr": "50 هزار تومان تخفیف", "action_flag": 1, "change_message": "[{\"added\": {}}]"}}, {"model": "admin.logentry", "pk": 13, "fields": {"action_time": "2021-02-07T19:48:39.124Z", "user": 1, "content_type": 19, "object_id": "1", "object_repr": "mohsn@gmail.com", "action_flag": 1, "change_message": "[{\"added\": {}}]"}}, {"model": "admin.logentry", "pk": 14, "fields": {"action_time": "2021-02-07T19:53:00.869Z", "user": 1, "content_type": 6, "object_id": "1", "object_repr": "LG", "action_flag": 1, "change_message": "[{\"added\": {}}]"}}, {"model": "admin.logentry", "pk": 15, "fields": {"action_time": "2021-02-07T19:58:04.436Z", "user": 1, "content_type": 6, "object_id": "2", "object_repr": "samsung", "action_flag": 1, "change_message": "[{\"added\": {}}]"}}, {"model": "admin.logentry", "pk": 16, "fields": {"action_time": "2021-02-07T19:58:28.760Z", "user": 1, "content_type": 6, "object_id": "2", "object_repr": "samsung", "action_flag": 2, "change_message": "[{\"changed\": {\"fields\": [\"Cropping\", \"Image\"]}}]"}}, {"model": "admin.logentry", "pk": 17, "fields": {"action_time": "2021-02-07T20:01:21.488Z", "user": 1, "content_type": 6, "object_id": "3", "object_repr": "هنر گستر", "action_flag": 1, "change_message": "[{\"added\": {}}]"}}, {"model": "admin.logentry", "pk": 18, "fields": {"action_time": "2021-02-07T20:07:21.309Z", "user": 1, "content_type": 6, "object_id": "4", "object_repr": "لویی ویتون", "action_flag": 1, "change_message": "[{\"added\": {}}]"}}, {"model": "admin.logentry", "pk": 19, "fields": {"action_time": "2021-02-07T20:08:33.743Z", "user": 1, "content_type": 6, "object_id": "5", "object_repr": "xiaomi", "action_flag": 1, "change_message": "[{\"added\": {}}]"}}, {"model": "admin.logentry", "pk": 20, "fields": {"action_time": "2021-02-07T20:34:03.081Z", "user": 1, "content_type": 7, "object_id": "5", "object_repr": "کفش", "action_flag": 1, "change_message": "[{\"added\": {}}]"}}, {"model": "admin.logentry", "pk": 21, "fields": {"action_time": "2021-02-07T20:39:41.243Z", "user": 1, "content_type": 7, "object_id": "6", "object_repr": "تی شرت", "action_flag": 1, "change_message": "[{\"added\": {}}]"}}, {"model": "admin.logentry", "pk": 22, "fields": {"action_time": "2021-02-07T20:41:39.427Z", "user": 1, "content_type": 7, "object_id": "7", "object_repr": "مانتو", "action_flag": 1, "change_message": "[{\"added\": {}}]"}}, {"model": "admin.logentry", "pk": 23, "fields": {"action_time": "2021-02-07T20:47:43.033Z", "user": 1, "content_type": 7, "object_id": "8", "object_repr": "کفش های مردانه", "action_flag": 1, "change_message": "[{\"added\": {}}]"}}, {"model": "admin.logentry", "pk": 24, "fields": {"action_time": "2021-02-07T20:51:22.246Z", "user": 1, "content_type": 7, "object_id": "9", "object_repr": "کفش های زنانه", "action_flag": 1, "change_message": "[{\"added\": {}}]"}}, {"model": "admin.logentry", "pk": 25, "fields": {"action_time": "2021-02-07T20:52:31.702Z", "user": 1, "content_type": 7, "object_id": "6", "object_repr": "تی‌شرت", "action_flag": 2, "change_message": "[{\"changed\": {\"fields\": [\"Name\", \"Cropping\"]}}]"}}, {"model": "admin.logentry", "pk": 26, "fields": {"action_time": "2021-02-08T06:08:54.404Z", "user": 1, "content_type": 16, "object_id": "1", "object_repr": "mohsn@gmail.com", "action_flag": 2, "change_message": "[{\"changed\": {\"fields\": [\"Is Seller\"]}}]"}}, {"model": "admin.logentry", "pk": 27, "fields": {"action_time": "2021-02-08T06:10:43.435Z", "user": 1, "content_type": 16, "object_id": "2", "object_repr": "a@gmail.com", "action_flag": 2, "change_message": "[{\"changed\": {\"fields\": [\"Is Seller\"]}}]"}}, {"model": "admin.logentry", "pk": 28, "fields": {"action_time": "2021-02-09T05:15:56.596Z", "user": 1, "content_type": 6, "object_id": "6", "object_repr": "فریمود", "action_flag": 1, "change_message": "[{\"added\": {}}]"}}, {"model": "admin.logentry", "pk": 29, "fields": {"action_time": "2021-02-09T05:16:09.977Z", "user": 1, "content_type": 6, "object_id": "6", "object_repr": "فریمود", "action_flag": 2, "change_message": "[{\"changed\": {\"fields\": [\"Cropping\", \"Image\"]}}]"}}, {"model": "admin.logentry", "pk": 30, "fields": {"action_time": "2021-02-09T05:29:15.427Z", "user": 1, "content_type": 9, "object_id": "1", "object_repr": "بوت مردانه فریمود کد 1953 رنگ مشکی(جنس)", "action_flag": 2, "change_message": "[{\"deleted\": {\"name\": \"value\", \"object\": \"Value object (None)\"}}]"}}, {"model": "admin.logentry", "pk": 31, "fields": {"action_time": "2021-02-09T05:45:39.748Z", "user": 1, "content_type": 9, "object_id": "5", "object_repr": "بوت مردانه فریمود کد 1953 رنگ مشکی(سایز)", "action_flag": 2, "change_message": "[{\"deleted\": {\"name\": \"value\", \"object\": \"Value object (None)\"}}, {\"deleted\": {\"name\": \"value\", \"object\": \"Value object (None)\"}}, {\"deleted\": {\"name\": \"value\", \"object\": \"Value object (None)\"}}, {\"deleted\": {\"name\": \"value\", \"object\": \"Value object (None)\"}}]"}}, {"model": "admin.logentry", "pk": 32, "fields": {"action_time": "2021-02-09T05:52:15.640Z", "user": 1, "content_type": 9, "object_id": "8", "object_repr": "بوت مردانه فریمود کد 1953 رنگ مشکی()", "action_flag": 3, "change_message": ""}}, {"model": "admin.logentry", "pk": 33, "fields": {"action_time": "2021-02-09T05:52:15.646Z", "user": 1, "content_type": 9, "object_id": "7", "object_repr": "بوت مردانه فریمود کد 1953 رنگ مشکی(مشکی)", "action_flag": 3, "change_message": ""}}, {"model": "admin.logentry", "pk": 34, "fields": {"action_time": "2021-02-09T05:52:15.650Z", "user": 1, "content_type": 9, "object_id": "6", "object_repr": "بوت مردانه فریمود کد 1953 رنگ مشکی(پلی اورتان)", "action_flag": 3, "change_message": ""}}, {"model": "admin.logentry", "pk": 35, "fields": {"action_time": "2021-02-09T05:52:26.770Z", "user": 1, "content_type": 9, "object_id": "5", "object_repr": "بوت مردانه فریمود کد 1953 رنگ مشکی(سایز)", "action_flag": 3, "change_message": ""}}, {"model": "admin.logentry", "pk": 36, "fields": {"action_time": "2021-02-09T05:53:51.556Z", "user": 1, "content_type": 9, "object_id": "4", "object_repr": "بوت مردانه فریمود کد 1953 رنگ مشکی(رنگ)", "action_flag": 2, "change_message": "[{\"changed\": {\"name\": \"value\", \"object\": \"Value object (5)\", \"fields\": [\"Value\"]}}]"}}, {"model": "admin.logentry", "pk": 37, "fields": {"action_time": "2021-02-09T05:54:00.810Z", "user": 1, "content_type": 9, "object_id": "9", "object_repr": "بوت مردانه فریمود کد 1953 رنگ مشکی(۴۰)", "action_flag": 3, "change_message": ""}}, {"model": "admin.logentry", "pk": 38, "fields": {"action_time": "2021-02-09T06:00:30.880Z", "user": 1, "content_type": 9, "object_id": "4", "object_repr": "بوت مردانه فریمود کد 1953 رنگ مشکی(رنگ)", "action_flag": 3, "change_message": ""}}, {"model": "admin.logentry", "pk": 39, "fields": {"action_time": "2021-02-09T06:00:30.888Z", "user": 1, "content_type": 9, "object_id": "3", "object_repr": "بوت مردانه فریمود کد 1953 رنگ مشکی(نحوه بسته شدن)", "action_flag": 3, "change_message": ""}}, {"model": "admin.logentry", "pk": 40, "fields": {"action_time": "2021-02-09T06:00:30.892Z", "user": 1, "content_type": 9, "object_id": "2", "object_repr": "بوت مردانه فریمود کد 1953 رنگ مشکی(جنس زیره)", "action_flag": 3, "change_message": ""}}, {"model": "admin.logentry", "pk": 41, "fields": {"action_time": "2021-02-09T06:00:30.896Z", "user": 1, "content_type": 9, "object_id": "1", "object_repr": "بوت مردانه فریمود کد 1953 رنگ مشکی(جنس)", "action_flag": 3, "change_message": ""}}, {"model": "admin.logentry", "pk": 42, "fields": {"action_time": "2021-02-09T06:00:36.899Z", "user": 1, "content_type": 9, "object_id": "13", "object_repr": "بوت مردانه فریمود کد 1953 رنگ مشکی(چرم)", "action_flag": 3, "change_message": ""}}, {"model": "admin.logentry", "pk": 43, "fields": {"action_time": "2021-02-09T06:00:36.904Z", "user": 1, "content_type": 9, "object_id": "12", "object_repr": "بوت مردانه فریمود کد 1953 رنگ مشکی(زیپ , بند)", "action_flag": 3, "change_message": ""}}, {"model": "admin.logentry", "pk": 44, "fields": {"action_time": "2021-02-09T06:00:36.908Z", "user": 1, "content_type": 9, "object_id": "11", "object_repr": "بوت مردانه فریمود کد 1953 رنگ مشکی(مشکی)", "action_flag": 3, "change_message": ""}}, {"model": "admin.logentry", "pk": 45, "fields": {"action_time": "2021-02-09T06:00:36.914Z", "user": 1, "content_type": 9, "object_id": "10", "object_repr": "بوت مردانه فریمود کد 1953 رنگ مشکی(پلی اورتان)", "action_flag": 3, "change_message": ""}}, {"model": "admin.logentry", "pk": 46, "fields": {"action_time": "2021-02-09T06:19:05.453Z", "user": 1, "content_type": 9, "object_id": "23", "object_repr": "بوت مردانه فریمود کد 1953 رنگ مشکی(زیپ , بند)", "action_flag": 3, "change_message": ""}}, {"model": "admin.logentry", "pk": 47, "fields": {"action_time": "2021-02-09T06:19:05.457Z", "user": 1, "content_type": 9, "object_id": "22", "object_repr": "بوت مردانه فریمود کد 1953 رنگ مشکی(۴۱)", "action_flag": 3, "change_message": ""}}, {"model": "admin.logentry", "pk": 48, "fields": {"action_time": "2021-02-09T06:19:05.463Z", "user": 1, "content_type": 9, "object_id": "21", "object_repr": "بوت مردانه فریمود کد 1953 رنگ مشکی(سایز)", "action_flag": 3, "change_message": ""}}, {"model": "admin.logentry", "pk": 49, "fields": {"action_time": "2021-02-09T06:19:05.468Z", "user": 1, "content_type": 9, "object_id": "20", "object_repr": "بوت مردانه فریمود کد 1953 رنگ مشکی(پلی اورتان)", "action_flag": 3, "change_message": ""}}, {"model": "admin.logentry", "pk": 50, "fields": {"action_time": "2021-02-09T06:19:05.472Z", "user": 1, "content_type": 9, "object_id": "19", "object_repr": "بوت مردانه فریمود کد 1953 رنگ مشکی(۴۲)", "action_flag": 3, "change_message": ""}}, {"model": "admin.logentry", "pk": 51, "fields": {"action_time": "2021-02-09T06:19:05.479Z", "user": 1, "content_type": 9, "object_id": "18", "object_repr": "بوت مردانه فریمود کد 1953 رنگ مشکی(نحوه بسته شدن)", "action_flag": 3, "change_message": ""}}, {"model": "admin.logentry", "pk": 52, "fields": {"action_time": "2021-02-09T06:19:05.484Z", "user": 1, "content_type": 9, "object_id": "17", "object_repr": "بوت مردانه فریمود کد 1953 رنگ مشکی(جنس زیره)", "action_flag": 3, "change_message": ""}}, {"model": "admin.logentry", "pk": 53, "fields": {"action_time": "2021-02-09T06:19:05.488Z", "user": 1, "content_type": 9, "object_id": "16", "object_repr": "بوت مردانه فریمود کد 1953 رنگ مشکی(۴۰)", "action_flag": 3, "change_message": ""}}, {"model": "admin.logentry", "pk": 54, "fields": {"action_time": "2021-02-09T06:19:05.493Z", "user": 1, "content_type": 9, "object_id": "15", "object_repr": "بوت مردانه فریمود کد 1953 رنگ مشکی(جنس)", "action_flag": 3, "change_message": ""}}, {"model": "admin.logentry", "pk": 55, "fields": {"action_time": "2021-02-09T06:19:05.498Z", "user": 1, "content_type": 9, "object_id": "14", "object_repr": "بوت مردانه فریمود کد 1953 رنگ مشکی(رنگ)", "action_flag": 3, "change_message": ""}}, {"model": "admin.logentry", "pk": 56, "fields": {"action_time": "2021-02-09T06:35:30.460Z", "user": 1, "content_type": 9, "object_id": "30", "object_repr": "بوت مردانه فریمود کد 1953 رنگ مشکی(بله)", "action_flag": 3, "change_message": ""}}, {"model": "admin.logentry", "pk": 57, "fields": {"action_time": "2021-02-09T06:35:30.466Z", "user": 1, "content_type": 9, "object_id": "29", "object_repr": "بوت مردانه فریمود کد 1953 رنگ مشکی(جک)", "action_flag": 3, "change_message": ""}}, {"model": "admin.logentry", "pk": 58, "fields": {"action_time": "2021-02-09T06:35:30.470Z", "user": 1, "content_type": 9, "object_id": "28", "object_repr": "بوت مردانه فریمود کد 1953 رنگ مشکی(نوع)", "action_flag": 3, "change_message": ""}}, {"model": "admin.logentry", "pk": 59, "fields": {"action_time": "2021-02-09T06:35:30.474Z", "user": 1, "content_type": 9, "object_id": "27", "object_repr": "بوت مردانه فریمود کد 1953 رنگ مشکی(2x)", "action_flag": 3, "change_message": ""}}, {"model": "admin.logentry", "pk": 60, "fields": {"action_time": "2021-02-09T06:35:30.479Z", "user": 1, "content_type": 9, "object_id": "26", "object_repr": "بوت مردانه فریمود کد 1953 رنگ مشکی(جنسs)", "action_flag": 3, "change_message": ""}}, {"model": "admin.logentry", "pk": 61, "fields": {"action_time": "2021-02-09T06:35:30.502Z", "user": 1, "content_type": 9, "object_id": "25", "object_repr": "بوت مردانه فریمود کد 1953 رنگ مشکی(جنس)", "action_flag": 3, "change_message": ""}}, {"model": "admin.logentry", "pk": 62, "fields": {"action_time": "2021-02-09T06:35:30.510Z", "user": 1, "content_type": 9, "object_id": "24", "object_repr": "بوت مردانه فریمود کد 1953 رنگ مشکی(رنگ)", "action_flag": 3, "change_message": ""}}, {"model": "admin.logentry", "pk": 63, "fields": {"action_time": "2021-02-09T07:06:11.980Z", "user": 1, "content_type": 9, "object_id": "36", "object_repr": "بوت مردانه فریمود کد 1953 رنگ مشکی(تست۱)", "action_flag": 3, "change_message": ""}}, {"model": "admin.logentry", "pk": 64, "fields": {"action_time": "2021-02-09T07:06:11.993Z", "user": 1, "content_type": 9, "object_id": "35", "object_repr": "بوت مردانه فریمود کد 1953 رنگ مشکی(تست۳)", "action_flag": 3, "change_message": ""}}, {"model": "admin.logentry", "pk": 65, "fields": {"action_time": "2021-02-09T07:06:11.997Z", "user": 1, "content_type": 9, "object_id": "34", "object_repr": "بوت مردانه فریمود کد 1953 رنگ مشکی(تست۴)", "action_flag": 3, "change_message": ""}}, {"model": "admin.logentry", "pk": 66, "fields": {"action_time": "2021-02-09T07:06:12.002Z", "user": 1, "content_type": 9, "object_id": "33", "object_repr": "بوت مردانه فریمود کد 1953 رنگ مشکی(تست۲)", "action_flag": 3, "change_message": ""}}, {"model": "admin.logentry", "pk": 67, "fields": {"action_time": "2021-02-09T07:06:12.006Z", "user": 1, "content_type": 9, "object_id": "32", "object_repr": "بوت مردانه فریمود کد 1953 رنگ مشکی(تست)", "action_flag": 3, "change_message": ""}}, {"model": "admin.logentry", "pk": 68, "fields": {"action_time": "2021-02-09T07:38:18.929Z", "user": 1, "content_type": 9, "object_id": "49", "object_repr": "بوت مردانه فریمود کد 1953 رنگ مشکی(برچسب۵)", "action_flag": 3, "change_message": ""}}, {"model": "admin.logentry", "pk": 69, "fields": {"action_time": "2021-02-09T07:38:18.933Z", "user": 1, "content_type": 9, "object_id": "48", "object_repr": "بوت مردانه فریمود کد 1953 رنگ مشکی(برچسب۴)", "action_flag": 3, "change_message": ""}}, {"model": "admin.logentry", "pk": 70, "fields": {"action_time": "2021-02-09T07:38:18.941Z", "user": 1, "content_type": 9, "object_id": "47", "object_repr": "بوت مردانه فریمود کد 1953 رنگ مشکی(برچسب۳)", "action_flag": 3, "change_message": ""}}, {"model": "admin.logentry", "pk": 71, "fields": {"action_time": "2021-02-09T07:38:18.947Z", "user": 1, "content_type": 9, "object_id": "46", "object_repr": "بوت مردانه فریمود کد 1953 رنگ مشکی(برچسب۲)", "action_flag": 3, "change_message": ""}}, {"model": "admin.logentry", "pk": 72, "fields": {"action_time": "2021-02-09T07:40:39.294Z", "user": 1, "content_type": 9, "object_id": "50", "object_repr": "بوت مردانه فریمود کد 1953 رنگ مشکی(برچسب۱)", "action_flag": 3, "change_message": ""}}, {"model": "admin.logentry", "pk": 73, "fields": {"action_time": "2021-02-09T07:41:17.638Z", "user": 1, "content_type": 9, "object_id": "52", "object_repr": "بوت مردانه فریمود کد 1953 رنگ مشکی(برجسب۳)", "action_flag": 3, "change_message": ""}}, {"model": "admin.logentry", "pk": 74, "fields": {"action_time": "2021-02-09T07:41:17.655Z", "user": 1, "content_type": 9, "object_id": "51", "object_repr": "بوت مردانه فریمود کد 1953 رنگ مشکی(برچسب۲)", "action_flag": 3, "change_message": ""}}, {"model": "admin.logentry", "pk": 75, "fields": {"action_time": "2021-02-09T07:42:42.430Z", "user": 1, "content_type": 9, "object_id": "55", "object_repr": "بوت مردانه فریمود کد 1953 رنگ مشکی(برچسب۳)", "action_flag": 3, "change_message": ""}}, {"model": "admin.logentry", "pk": 76, "fields": {"action_time": "2021-02-09T07:42:42.435Z", "user": 1, "content_type": 9, "object_id": "54", "object_repr": "بوت مردانه فریمود کد 1953 رنگ مشکی(برچسب۲)", "action_flag": 3, "change_message": ""}}, {"model": "admin.logentry", "pk": 77, "fields": {"action_time": "2021-02-09T07:42:42.439Z", "user": 1, "content_type": 9, "object_id": "53", "object_repr": "بوت مردانه فریمود کد 1953 رنگ مشکی(برچسب۱)", "action_flag": 3, "change_message": ""}}, {"model": "admin.logentry", "pk": 78, "fields": {"action_time": "2021-02-09T07:45:32.725Z", "user": 1, "content_type": 9, "object_id": "58", "object_repr": "بوت مردانه فریمود کد 1953 رنگ مشکی(برچسب۳)", "action_flag": 3, "change_message": ""}}, {"model": "admin.logentry", "pk": 79, "fields": {"action_time": "2021-02-09T07:45:32.731Z", "user": 1, "content_type": 9, "object_id": "57", "object_repr": "بوت مردانه فریمود کد 1953 رنگ مشکی(برچسب۲)", "action_flag": 3, "change_message": ""}}, {"model": "admin.logentry", "pk": 80, "fields": {"action_time": "2021-02-09T07:45:32.735Z", "user": 1, "content_type": 9, "object_id": "56", "object_repr": "بوت مردانه فریمود کد 1953 رنگ مشکی(برچسب۱)", "action_flag": 3, "change_message": ""}}, {"model": "admin.logentry", "pk": 81, "fields": {"action_time": "2021-02-09T07:49:50.205Z", "user": 1, "content_type": 9, "object_id": "61", "object_repr": "بوت مردانه فریمود کد 1953 رنگ مشکی(برچسب۳)", "action_flag": 3, "change_message": ""}}, {"model": "admin.logentry", "pk": 82, "fields": {"action_time": "2021-02-09T07:49:50.214Z", "user": 1, "content_type": 9, "object_id": "60", "object_repr": "بوت مردانه فریمود کد 1953 رنگ مشکی(برچسب۲)", "action_flag": 3, "change_message": ""}}, {"model": "admin.logentry", "pk": 83, "fields": {"action_time": "2021-02-09T07:49:50.228Z", "user": 1, "content_type": 9, "object_id": "59", "object_repr": "بوت مردانه فریمود کد 1953 رنگ مشکی(برچسب۱)", "action_flag": 3, "change_message": ""}}, {"model": "admin.logentry", "pk": 84, "fields": {"action_time": "2021-02-09T08:02:13.988Z", "user": 1, "content_type": 9, "object_id": "67", "object_repr": "بوت مردانه فریمود کد 1953 رنگ مشکی()", "action_flag": 3, "change_message": ""}}, {"model": "admin.logentry", "pk": 85, "fields": {"action_time": "2021-02-09T08:02:13.997Z", "user": 1, "content_type": 9, "object_id": "64", "object_repr": "بوت مردانه فریمود کد 1953 رنگ مشکی(برچسب۳)", "action_flag": 3, "change_message": ""}}, {"model": "admin.logentry", "pk": 86, "fields": {"action_time": "2021-02-09T08:02:14.001Z", "user": 1, "content_type": 9, "object_id": "63", "object_repr": "بوت مردانه فریمود کد 1953 رنگ مشکی(برچسب۲)", "action_flag": 3, "change_message": ""}}, {"model": "admin.logentry", "pk": 87, "fields": {"action_time": "2021-02-09T08:02:14.006Z", "user": 1, "content_type": 9, "object_id": "62", "object_repr": "بوت مردانه فریمود کد 1953 رنگ مشکی(برچسب۱)", "action_flag": 3, "change_message": ""}}, {"model": "admin.logentry", "pk": 88, "fields": {"action_time": "2021-02-09T08:03:56.202Z", "user": 1, "content_type": 9, "object_id": "71", "object_repr": "بوت مردانه فریمود کد 1953 رنگ مشکی()", "action_flag": 3, "change_message": ""}}, {"model": "admin.logentry", "pk": 89, "fields": {"action_time": "2021-02-09T08:43:23.066Z", "user": 1, "content_type": 9, "object_id": "70", "object_repr": "بوت مردانه فریمود کد 1953 رنگ مشکی(برچسب۳)", "action_flag": 3, "change_message": ""}}, {"model": "admin.logentry", "pk": 90, "fields": {"action_time": "2021-02-09T08:43:23.072Z", "user": 1, "content_type": 9, "object_id": "69", "object_repr": "بوت مردانه فریمود کد 1953 رنگ مشکی(برچسب۲)", "action_flag": 3, "change_message": ""}}, {"model": "admin.logentry", "pk": 91, "fields": {"action_time": "2021-02-09T08:43:23.076Z", "user": 1, "content_type": 9, "object_id": "68", "object_repr": "بوت مردانه فریمود کد 1953 رنگ مشکی(برچسب۱)", "action_flag": 3, "change_message": ""}}, {"model": "admin.logentry", "pk": 92, "fields": {"action_time": "2021-02-09T09:31:01.202Z", "user": 1, "content_type": 6, "object_id": "7", "object_repr": "کفش قاضی", "action_flag": 1, "change_message": "[{\"added\": {}}]"}}, {"model": "admin.logentry", "pk": 93, "fields": {"action_time": "2021-02-09T10:04:53.155Z", "user": 1, "content_type": 6, "object_id": "8", "object_repr": "نگار", "action_flag": 1, "change_message": "[{\"added\": {}}]"}}, {"model": "admin.logentry", "pk": 94, "fields": {"action_time": "2021-02-09T10:08:17.760Z", "user": 1, "content_type": 8, "object_id": "6", "object_repr": "کتانی چرم بندی مردانه - مارال چرم", "action_flag": 2, "change_message": "[{\"changed\": {\"fields\": [\"Cropping\"]}}, {\"deleted\": {\"name\": \"Gallery\", \"object\": \"\\u06a9\\u062a\\u0627\\u0646\\u06cc \\u0686\\u0631\\u0645 \\u0628\\u0646\\u062f\\u06cc \\u0645\\u0631\\u062f\\u0627\\u0646\\u0647 - \\u0645\\u0627\\u0631\\u0627\\u0644 \\u0686\\u0631\\u0645\"}}]"}}, {"model": "admin.logentry", "pk": 95, "fields": {"action_time": "2021-02-11T11:56:32.981Z", "user": 1, "content_type": 16, "object_id": "4", "object_repr": "c@gmail.com", "action_flag": 1, "change_message": "[{\"added\": {}}]"}}, {"model": "admin.logentry", "pk": 96, "fields": {"action_time": "2021-02-11T11:57:48.306Z", "user": 1, "content_type": 19, "object_id": "4", "object_repr": "c@gmail.com", "action_flag": 1, "change_message": "[{\"added\": {}}]"}}, {"model": "auth.permission", "pk": 1, "fields": {"name": "Can add log entry", "content_type": 1, "codename": "add_logentry"}}, {"model": "auth.permission", "pk": 2, "fields": {"name": "Can change log entry", "content_type": 1, "codename": "change_logentry"}}, {"model": "auth.permission", "pk": 3, "fields": {"name": "Can delete log entry", "content_type": 1, "codename": "delete_logentry"}}, {"model": "auth.permission", "pk": 4, "fields": {"name": "Can view log entry", "content_type": 1, "codename": "view_logentry"}}, {"model": "auth.permission", "pk": 5, "fields": {"name": "Can add permission", "content_type": 2, "codename": "add_permission"}}, {"model": "auth.permission", "pk": 6, "fields": {"name": "Can change permission", "content_type": 2, "codename": "change_permission"}}, {"model": "auth.permission", "pk": 7, "fields": {"name": "Can delete permission", "content_type": 2, "codename": "delete_permission"}}, {"model": "auth.permission", "pk": 8, "fields": {"name": "Can view permission", "content_type": 2, "codename": "view_permission"}}, {"model": "auth.permission", "pk": 9, "fields": {"name": "Can add group", "content_type": 3, "codename": "add_group"}}, {"model": "auth.permission", "pk": 10, "fields": {"name": "Can change group", "content_type": 3, "codename": "change_group"}}, {"model": "auth.permission", "pk": 11, "fields": {"name": "Can delete group", "content_type": 3, "codename": "delete_group"}}, {"model": "auth.permission", "pk": 12, "fields": {"name": "Can view group", "content_type": 3, "codename": "view_group"}}, {"model": "auth.permission", "pk": 13, "fields": {"name": "Can add content type", "content_type": 4, "codename": "add_contenttype"}}, {"model": "auth.permission", "pk": 14, "fields": {"name": "Can change content type", "content_type": 4, "codename": "change_contenttype"}}, {"model": "auth.permission", "pk": 15, "fields": {"name": "Can delete content type", "content_type": 4, "codename": "delete_contenttype"}}, {"model": "auth.permission", "pk": 16, "fields": {"name": "Can view content type", "content_type": 4, "codename": "view_contenttype"}}, {"model": "auth.permission", "pk": 17, "fields": {"name": "Can add session", "content_type": 5, "codename": "add_session"}}, {"model": "auth.permission", "pk": 18, "fields": {"name": "Can change session", "content_type": 5, "codename": "change_session"}}, {"model": "auth.permission", "pk": 19, "fields": {"name": "Can delete session", "content_type": 5, "codename": "delete_session"}}, {"model": "auth.permission", "pk": 20, "fields": {"name": "Can view session", "content_type": 5, "codename": "view_session"}}, {"model": "auth.permission", "pk": 21, "fields": {"name": "Can add Brand", "content_type": 6, "codename": "add_brand"}}, {"model": "auth.permission", "pk": 22, "fields": {"name": "Can change Brand", "content_type": 6, "codename": "change_brand"}}, {"model": "auth.permission", "pk": 23, "fields": {"name": "Can delete Brand", "content_type": 6, "codename": "delete_brand"}}, {"model": "auth.permission", "pk": 24, "fields": {"name": "Can view Brand", "content_type": 6, "codename": "view_brand"}}, {"model": "auth.permission", "pk": 25, "fields": {"name": "Can add Category", "content_type": 7, "codename": "add_category"}}, {"model": "auth.permission", "pk": 26, "fields": {"name": "Can change Category", "content_type": 7, "codename": "change_category"}}, {"model": "auth.permission", "pk": 27, "fields": {"name": "Can delete Category", "content_type": 7, "codename": "delete_category"}}, {"model": "auth.permission", "pk": 28, "fields": {"name": "Can view Category", "content_type": 7, "codename": "view_category"}}, {"model": "auth.permission", "pk": 29, "fields": {"name": "Can add Product", "content_type": 8, "codename": "add_product"}}, {"model": "auth.permission", "pk": 30, "fields": {"name": "Can change Product", "content_type": 8, "codename": "change_product"}}, {"model": "auth.permission", "pk": 31, "fields": {"name": "Can delete Product", "content_type": 8, "codename": "delete_product"}}, {"model": "auth.permission", "pk": 32, "fields": {"name": "Can view Product", "content_type": 8, "codename": "view_product"}}, {"model": "auth.permission", "pk": 33, "fields": {"name": "Can add Product Meta Detail", "content_type": 9, "codename": "add_productmeta"}}, {"model": "auth.permission", "pk": 34, "fields": {"name": "Can change Product Meta Detail", "content_type": 9, "codename": "change_productmeta"}}, {"model": "auth.permission", "pk": 35, "fields": {"name": "Can delete Product Meta Detail", "content_type": 9, "codename": "delete_productmeta"}}, {"model": "auth.permission", "pk": 36, "fields": {"name": "Can view Product Meta Detail", "content_type": 9, "codename": "view_productmeta"}}, {"model": "auth.permission", "pk": 37, "fields": {"name": "Can add Shop", "content_type": 10, "codename": "add_shop"}}, {"model": "auth.permission", "pk": 38, "fields": {"name": "Can change Shop", "content_type": 10, "codename": "change_shop"}}, {"model": "auth.permission", "pk": 39, "fields": {"name": "Can delete Shop", "content_type": 10, "codename": "delete_shop"}}, {"model": "auth.permission", "pk": 40, "fields": {"name": "Can view Shop", "content_type": 10, "codename": "view_shop"}}, {"model": "auth.permission", "pk": 41, "fields": {"name": "Can add value", "content_type": 11, "codename": "add_value"}}, {"model": "auth.permission", "pk": 42, "fields": {"name": "Can change value", "content_type": 11, "codename": "change_value"}}, {"model": "auth.permission", "pk": 43, "fields": {"name": "Can delete value", "content_type": 11, "codename": "delete_value"}}, {"model": "auth.permission", "pk": 44, "fields": {"name": "Can view value", "content_type": 11, "codename": "view_value"}}, {"model": "auth.permission", "pk": 45, "fields": {"name": "Can add Gallery", "content_type": 12, "codename": "add_gallery"}}, {"model": "auth.permission", "pk": 46, "fields": {"name": "Can change Gallery", "content_type": 12, "codename": "change_gallery"}}, {"model": "auth.permission", "pk": 47, "fields": {"name": "Can delete Gallery", "content_type": 12, "codename": "delete_gallery"}}, {"model": "auth.permission", "pk": 48, "fields": {"name": "Can view Gallery", "content_type": 12, "codename": "view_gallery"}}, {"model": "auth.permission", "pk": 49, "fields": {"name": "Can add Comments", "content_type": 13, "codename": "add_comment"}}, {"model": "auth.permission", "pk": 50, "fields": {"name": "Can change Comments", "content_type": 13, "codename": "change_comment"}}, {"model": "auth.permission", "pk": 51, "fields": {"name": "Can delete Comments", "content_type": 13, "codename": "delete_comment"}}, {"model": "auth.permission", "pk": 52, "fields": {"name": "Can view Comments", "content_type": 13, "codename": "view_comment"}}, {"model": "auth.permission", "pk": 53, "fields": {"name": "Can add Shop Product", "content_type": 14, "codename": "add_shopproduct"}}, {"model": "auth.permission", "pk": 54, "fields": {"name": "Can change Shop Product", "content_type": 14, "codename": "change_shopproduct"}}, {"model": "auth.permission", "pk": 55, "fields": {"name": "Can delete Shop Product", "content_type": 14, "codename": "delete_shopproduct"}}, {"model": "auth.permission", "pk": 56, "fields": {"name": "Can view Shop Product", "content_type": 14, "codename": "view_shopproduct"}}, {"model": "auth.permission", "pk": 57, "fields": {"name": "Can add Like", "content_type": 15, "codename": "add_like"}}, {"model": "auth.permission", "pk": 58, "fields": {"name": "Can change Like", "content_type": 15, "codename": "change_like"}}, {"model": "auth.permission", "pk": 59, "fields": {"name": "Can delete Like", "content_type": 15, "codename": "delete_like"}}, {"model": "auth.permission", "pk": 60, "fields": {"name": "Can view Like", "content_type": 15, "codename": "view_like"}}, {"model": "auth.permission", "pk": 61, "fields": {"name": "Can add User", "content_type": 16, "codename": "add_user"}}, {"model": "auth.permission", "pk": 62, "fields": {"name": "Can change User", "content_type": 16, "codename": "change_user"}}, {"model": "auth.permission", "pk": 63, "fields": {"name": "Can delete User", "content_type": 16, "codename": "delete_user"}}, {"model": "auth.permission", "pk": 64, "fields": {"name": "Can view User", "content_type": 16, "codename": "view_user"}}, {"model": "auth.permission", "pk": 65, "fields": {"name": "Can add Email", "content_type": 17, "codename": "add_email"}}, {"model": "auth.permission", "pk": 66, "fields": {"name": "Can change Email", "content_type": 17, "codename": "change_email"}}, {"model": "auth.permission", "pk": 67, "fields": {"name": "Can delete Email", "content_type": 17, "codename": "delete_email"}}, {"model": "auth.permission", "pk": 68, "fields": {"name": "Can view Email", "content_type": 17, "codename": "view_email"}}, {"model": "auth.permission", "pk": 69, "fields": {"name": "Can add Address", "content_type": 18, "codename": "add_address"}}, {"model": "auth.permission", "pk": 70, "fields": {"name": "Can change Address", "content_type": 18, "codename": "change_address"}}, {"model": "auth.permission", "pk": 71, "fields": {"name": "Can delete Address", "content_type": 18, "codename": "delete_address"}}, {"model": "auth.permission", "pk": 72, "fields": {"name": "Can view Address", "content_type": 18, "codename": "view_address"}}, {"model": "auth.permission", "pk": 73, "fields": {"name": "Can add Cart", "content_type": 19, "codename": "add_cart"}}, {"model": "auth.permission", "pk": 74, "fields": {"name": "Can change Cart", "content_type": 19, "codename": "change_cart"}}, {"model": "auth.permission", "pk": 75, "fields": {"name": "Can delete Cart", "content_type": 19, "codename": "delete_cart"}}, {"model": "auth.permission", "pk": 76, "fields": {"name": "Can view Cart", "content_type": 19, "codename": "view_cart"}}, {"model": "auth.permission", "pk": 77, "fields": {"name": "Can add Order", "content_type": 20, "codename": "add_order"}}, {"model": "auth.permission", "pk": 78, "fields": {"name": "Can change Order", "content_type": 20, "codename": "change_order"}}, {"model": "auth.permission", "pk": 79, "fields": {"name": "Can delete Order", "content_type": 20, "codename": "delete_order"}}, {"model": "auth.permission", "pk": 80, "fields": {"name": "Can view Order", "content_type": 20, "codename": "view_order"}}, {"model": "auth.permission", "pk": 81, "fields": {"name": "Can add Payment", "content_type": 21, "codename": "add_payment"}}, {"model": "auth.permission", "pk": 82, "fields": {"name": "Can change Payment", "content_type": 21, "codename": "change_payment"}}, {"model": "auth.permission", "pk": 83, "fields": {"name": "Can delete Payment", "content_type": 21, "codename": "delete_payment"}}, {"model": "auth.permission", "pk": 84, "fields": {"name": "Can view Payment", "content_type": 21, "codename": "view_payment"}}, {"model": "auth.permission", "pk": 85, "fields": {"name": "Can add order meta", "content_type": 22, "codename": "add_ordermeta"}}, {"model": "auth.permission", "pk": 86, "fields": {"name": "Can change order meta", "content_type": 22, "codename": "change_ordermeta"}}, {"model": "auth.permission", "pk": 87, "fields": {"name": "Can delete order meta", "content_type": 22, "codename": "delete_ordermeta"}}, {"model": "auth.permission", "pk": 88, "fields": {"name": "Can view order meta", "content_type": 22, "codename": "view_ordermeta"}}, {"model": "auth.permission", "pk": 89, "fields": {"name": "Can add Order Item", "content_type": 23, "codename": "add_orderitem"}}, {"model": "auth.permission", "pk": 90, "fields": {"name": "Can change Order Item", "content_type": 23, "codename": "change_orderitem"}}, {"model": "auth.permission", "pk": 91, "fields": {"name": "Can delete Order Item", "content_type": 23, "codename": "delete_orderitem"}}, {"model": "auth.permission", "pk": 92, "fields": {"name": "Can view Order Item", "content_type": 23, "codename": "view_orderitem"}}, {"model": "auth.permission", "pk": 93, "fields": {"name": "Can add cart meta", "content_type": 24, "codename": "add_cartmeta"}}, {"model": "auth.permission", "pk": 94, "fields": {"name": "Can change cart meta", "content_type": 24, "codename": "change_cartmeta"}}, {"model": "auth.permission", "pk": 95, "fields": {"name": "Can delete cart meta", "content_type": 24, "codename": "delete_cartmeta"}}, {"model": "auth.permission", "pk": 96, "fields": {"name": "Can view cart meta", "content_type": 24, "codename": "view_cartmeta"}}, {"model": "auth.permission", "pk": 97, "fields": {"name": "Can add Cart Item", "content_type": 25, "codename": "add_cartitem"}}, {"model": "auth.permission", "pk": 98, "fields": {"name": "Can change Cart Item", "content_type": 25, "codename": "change_cartitem"}}, {"model": "auth.permission", "pk": 99, "fields": {"name": "Can delete Cart Item", "content_type": 25, "codename": "delete_cartitem"}}, {"model": "auth.permission", "pk": 100, "fields": {"name": "Can view Cart Item", "content_type": 25, "codename": "view_cartitem"}}, {"model": "auth.permission", "pk": 101, "fields": {"name": "Can add Slide Show", "content_type": 26, "codename": "add_slideshowimage"}}, {"model": "auth.permission", "pk": 102, "fields": {"name": "Can change Slide Show", "content_type": 26, "codename": "change_slideshowimage"}}, {"model": "auth.permission", "pk": 103, "fields": {"name": "Can delete Slide Show", "content_type": 26, "codename": "delete_slideshowimage"}}, {"model": "auth.permission", "pk": 104, "fields": {"name": "Can view Slide Show", "content_type": 26, "codename": "view_slideshowimage"}}, {"model": "auth.permission", "pk": 105, "fields": {"name": "Can add source", "content_type": 27, "codename": "add_source"}}, {"model": "auth.permission", "pk": 106, "fields": {"name": "Can change source", "content_type": 27, "codename": "change_source"}}, {"model": "auth.permission", "pk": 107, "fields": {"name": "Can delete source", "content_type": 27, "codename": "delete_source"}}, {"model": "auth.permission", "pk": 108, "fields": {"name": "Can view source", "content_type": 27, "codename": "view_source"}}, {"model": "auth.permission", "pk": 109, "fields": {"name": "Can add thumbnail", "content_type": 28, "codename": "add_thumbnail"}}, {"model": "auth.permission", "pk": 110, "fields": {"name": "Can change thumbnail", "content_type": 28, "codename": "change_thumbnail"}}, {"model": "auth.permission", "pk": 111, "fields": {"name": "Can delete thumbnail", "content_type": 28, "codename": "delete_thumbnail"}}, {"model": "auth.permission", "pk": 112, "fields": {"name": "Can view thumbnail", "content_type": 28, "codename": "view_thumbnail"}}, {"model": "auth.permission", "pk": 113, "fields": {"name": "Can add thumbnail dimensions", "content_type": 29, "codename": "add_thumbnaildimensions"}}, {"model": "auth.permission", "pk": 114, "fields": {"name": "Can change thumbnail dimensions", "content_type": 29, "codename": "change_thumbnaildimensions"}}, {"model": "auth.permission", "pk": 115, "fields": {"name": "Can delete thumbnail dimensions", "content_type": 29, "codename": "delete_thumbnaildimensions"}}, {"model": "auth.permission", "pk": 116, "fields": {"name": "Can view thumbnail dimensions", "content_type": 29, "codename": "view_thumbnaildimensions"}}, {"model": "contenttypes.contenttype", "pk": 1, "fields": {"app_label": "admin", "model": "logentry"}}, {"model": "contenttypes.contenttype", "pk": 2, "fields": {"app_label": "auth", "model": "permission"}}, {"model": "contenttypes.contenttype", "pk": 3, "fields": {"app_label": "auth", "model": "group"}}, {"model": "contenttypes.contenttype", "pk": 4, "fields": {"app_label": "contenttypes", "model": "contenttype"}}, {"model": "contenttypes.contenttype", "pk": 5, "fields": {"app_label": "sessions", "model": "session"}}, {"model": "contenttypes.contenttype", "pk": 6, "fields": {"app_label": "app_product", "model": "brand"}}, {"model": "contenttypes.contenttype", "pk": 7, "fields": {"app_label": "app_product", "model": "category"}}, {"model": "contenttypes.contenttype", "pk": 8, "fields": {"app_label": "app_product", "model": "product"}}, {"model": "contenttypes.contenttype", "pk": 9, "fields": {"app_label": "app_product", "model": "productmeta"}}, {"model": "contenttypes.contenttype", "pk": 10, "fields": {"app_label": "app_product", "model": "shop"}}, {"model": "contenttypes.contenttype", "pk": 11, "fields": {"app_label": "app_product", "model": "value"}}, {"model": "contenttypes.contenttype", "pk": 12, "fields": {"app_label": "app_product", "model": "gallery"}}, {"model": "contenttypes.contenttype", "pk": 13, "fields": {"app_label": "app_product", "model": "comment"}}, {"model": "contenttypes.contenttype", "pk": 14, "fields": {"app_label": "app_product", "model": "shopproduct"}}, {"model": "contenttypes.contenttype", "pk": 15, "fields": {"app_label": "app_product", "model": "like"}}, {"model": "contenttypes.contenttype", "pk": 16, "fields": {"app_label": "app_account", "model": "user"}}, {"model": "contenttypes.contenttype", "pk": 17, "fields": {"app_label": "app_account", "model": "email"}}, {"model": "contenttypes.contenttype", "pk": 18, "fields": {"app_label": "app_account", "model": "address"}}, {"model": "contenttypes.contenttype", "pk": 19, "fields": {"app_label": "app_order", "model": "cart"}}, {"model": "contenttypes.contenttype", "pk": 20, "fields": {"app_label": "app_order", "model": "order"}}, {"model": "contenttypes.contenttype", "pk": 21, "fields": {"app_label": "app_order", "model": "payment"}}, {"model": "contenttypes.contenttype", "pk": 22, "fields": {"app_label": "app_order", "model": "ordermeta"}}, {"model": "contenttypes.contenttype", "pk": 23, "fields": {"app_label": "app_order", "model": "orderitem"}}, {"model": "contenttypes.contenttype", "pk": 24, "fields": {"app_label": "app_order", "model": "cartmeta"}}, {"model": "contenttypes.contenttype", "pk": 25, "fields": {"app_label": "app_order", "model": "cartitem"}}, {"model": "contenttypes.contenttype", "pk": 26, "fields": {"app_label": "app_siteview", "model": "slideshowimage"}}, {"model": "contenttypes.contenttype", "pk": 27, "fields": {"app_label": "easy_thumbnails", "model": "source"}}, {"model": "contenttypes.contenttype", "pk": 28, "fields": {"app_label": "easy_thumbnails", "model": "thumbnail"}}, {"model": "contenttypes.contenttype", "pk": 29, "fields": {"app_label": "easy_thumbnails", "model": "thumbnaildimensions"}}, {"model": "sessions.session", "pk": "f074xf8msrp1lrrq7m0vxknd8gldogd5", "fields": {"session_data": ".eJxVjEEOwiAQRe_C2hAGmFpcuu8ZyACDVA0kpV0Z765NutDtf-_9l_C0rcVvnRc_J3ERVpx-t0DxwXUH6U711mRsdV3mIHdFHrTLqSV-Xg_376BQL9_aodMZTBwRbFRmJOfABaXRUYAhQ8x5YGBk0DZoRYnRhHQmQlbEhsX7A84ROCQ:1lAAbt:YkUtAV3N_mwNdJge4N4fdY_0oqps5gNSIyYuVhof8KA", "expire_date": "2021-02-25T11:58:13.150Z"}}, {"model": "sessions.session", "pk": "gzycql1yka3me617xxke2nprwurn0050", "fields": {"session_data": ".eJxVjMsOwiAQRf-FtSGF8hhcuu83EIYZpWogKe3K-O_apAvd3nPOfYmYtrXErfMSZxJnocTpd8OUH1x3QPdUb03mVtdlRrkr8qBdTo34eTncv4OSevnWgOQ9jM6h0QEB_GAMpGvAkDl4o6034LMFHBRqa4jYkkuM48gBFaF4fwDIGjfD:1l8qfI:lmfCZeoiQR-KGS0DfIavO3njxGAwBMOSG8Td4Wattyo", "expire_date": "2021-02-21T20:28:16.195Z"}}, {"model": "app_product.product", "pk": 1, "fields": {"slug": "nim-boot-farimod-1953", "name": "بوت مردانه فریمود کد 1953 رنگ مشکی", "detail": "این محصول از چرم طبیعی درجه یک تولید شده و زیره ان از جنس پی یو میباشد که باعث راحتی و انعطاف در هنگام قدم زدن میشود و جنس آستری ان از چرم طبیعی میباشد که قابل رقابت با کالاهای خارجی است و کفی ان طبی میباشد که راحتی قدم زدن شما را دو چندان میکند همچنین این کالا برای صادرات به کشور کانادا تولید می شود و ما مفتخریم که این محصول را به هم وطنان خود عرضه کنیم", "cropping": "0,130,1600,1470", "create_at": "2021-02-09T05:18:51.539Z", "update_at": "2021-02-09T05:18:51.593Z", "crop_it": false, "brand": 6, "category": 8, "image": "product/images/1a27b533922f0ec5906ead2f1350863d717031af_1606973308.jpg"}}, {"model": "app_product.product", "pk": 2, "fields": {"slug": "kbaz085", "name": "کفش مردانه مدل k.baz.085", "detail": "این محصول از چرم طبیعی درجه یک تولید شده و زیره ان از جنس پی یو میباشد که باعث راحتی و انعطاف در هنگام قدم زدن میشود و جنس آستری ان از چرم طبیعی میباشد که قابل رقابت با کالاهای خارجی است و کفی ان طبی میباشد که راحتی قدم زدن شما را دو چندان میکند همچنین این کالا برای صادرات به کشور کانادا تولید می شود و ما مفتخریم که این محصول را به هم وطنان خود عرضه کنیم", "cropping": "0,49,600,551", "create_at": "2021-02-09T09:22:49.920Z", "update_at": "2021-02-09T09:22:49.938Z", "crop_it": false, "brand": 6, "category": 8, "image": "product/images/7c42f4dd624114d47147b5baa7b54a233ace8782_1594715651.jpg"}}, {"model": "app_product.product", "pk": 3, "fields": {"slug": "66005", "name": "کفش مردانه مدل 66005", "detail": "افزایش روز افزون فعالیت و کارهای روزانه باعث می شود به ناحیه کمر و پاها فشار بسیار زیادی وارد شود از این رو استفاده از کفش های مناسب و استاندارد مختص فعالیت مورد نظر می تواند در بهبود این شرایط کمک شایانی داشته باشد بخصوص ناحیه ستون فقرات و مفاصل پا که ایستادن های طولانی و پیاده روی با کفش های غیر استاندارد می تواند صدمات جبران ناپذیری را به آن ها وارد کند. همچنین شغل های خاص و فعالیت های حرفه ای کاری و ورزشی امروزه نیازمنده کفش های اختصاصی و استانداری هستند که با در نظر گرفتن شرایط و محیط کاری بتواند در عین احساس راحتی ، ایمنی را نیز برای شخص فراهم کند تا در درجه اول سلامتی و تندرستی افراد حفظ شود. فصل های سرد سال نیز نیازمند کفش هایی است که بتواند ساق و کف پا را از سرما حفظ کرده چراکه پای انسان بیشترین تاثیر را در حفظ گرمای بدن دارد. همچنین در برابر آب مقاوم باشد تا در مواقع بارندگی از نفوذ آب به داخل کفش جلوگیری شود. بنابراین پهنای زیره و ضخامت و جنس رویه کفش باید استاندارد لازم برای این منظور را فراهم کند. محصول مورد نظر با رعایت تمامی این نکات راحتی و سلامتی را برای شما به ارمغان می آورد.", "cropping": "0,9,115,106", "create_at": "2021-02-09T09:29:57.274Z", "update_at": "2021-02-09T09:31:08.548Z", "crop_it": false, "brand": 7, "category": 8, "image": "product/images/b6042c7b415928f07b32b139f07f5d0047d49f13_1595864539.jpg"}}, {"model": "app_product.product", "pk": 4, "fields": {"slug": "men-shoes-401", "name": "کفش مردانه مدل 401", "detail": "افزایش روز افزون فعالیت و کارهای روزانه باعث می شود به ناحیه کمر و پاها فشار بسیار زیادی وارد شود از این رو استفاده از کفش های مناسب و استاندارد مختص فعالیت مورد نظر می تواند در بهبود این شرایط کمک شایانی داشته باشد بخصوص ناحیه ستون فقرات و مفاصل پا که ایستادن های طولانی و پیاده روی با کفش های غیر استاندارد می تواند صدمات جبران ناپذیری را به آن ها وارد کند. همچنین شغل های خاص و فعالیت های حرفه ای کاری و ورزشی امروزه نیازمنده کفش های اختصاصی و استانداری هستند که با در نظر گرفتن شرایط و محیط کاری بتواند در عین احساس راحتی ، ایمنی را نیز برای شخص فراهم کند تا در درجه اول سلامتی و تندرستی افراد حفظ شود. فصل های سرد سال نیز نیازمند کفش هایی است که بتواند ساق و کف پا را از سرما حفظ کرده چراکه پای انسان بیشترین تاثیر را در حفظ گرمای بدن دارد. همچنین در برابر آب مقاوم باشد تا در مواقع بارندگی از نفوذ آب به داخل کفش جلوگیری شود. بنابراین پهنای زیره و ضخامت و جنس رویه کفش باید استاندارد لازم برای این منظور را فراهم کند. محصول مورد نظر با رعایت تمامی این نکات راحتی و سلامتی را برای شما به ارمغان می آورد", "cropping": "0,130,1600,1470", "create_at": "2021-02-09T09:46:54.135Z", "update_at": "2021-02-09T09:46:54.163Z", "crop_it": false, "brand": 7, "category": 8, "image": "product/images/121294408.jpg"}}, {"model": "app_product.product", "pk": 5, "fields": {"slug": "men-shoes-228", "name": "کفش مردانه مدل 228", "detail": "بوت مردانه کاترپیلار کد p90561 و مخصوص کوهنوردی و مناسب درهمه جا و یکی از پرفروش ترین مدل کاترپیلار در جهان و مقاوم در برابر سایش و زیره بسیار مقاوم دارد", "cropping": "0,130,1600,1470", "create_at": "2021-02-09T09:55:52.970Z", "update_at": "2021-02-09T09:55:52.994Z", "crop_it": false, "brand": 7, "category": 8, "image": "product/images/3096ff3c325c6e6b8ce79f06a1c6cd652a11d205_1593672291_1.jpg"}}, {"model": "app_product.product", "pk": 6, "fields": {"slug": "maral-charm", "name": "کتانی چرم بندی مردانه - مارال چرم", "detail": "این کتانی مردانه به وسیله بند بسته می شود\r\nقسمت پشت و زبانه کفش رنگ متفاوتی دارد\r\nدارای دو نوار به رنگ قرمز در کناره ها\r\nزیره کفش تخت است\r\nبه همراه یک کیسه برای نگهداری کفش\r\nمناسب برای استفاده روزمره\r\nارتفاع زیره 2.5 سانتی متر است", "cropping": "0,128,1601,1468", "create_at": "2021-02-09T10:07:20.381Z", "update_at": "2021-02-09T10:09:31.505Z", "crop_it": false, "brand": 8, "category": 8, "image": "product/images/115277235.jpg"}}, {"model": "app_product.product", "pk": 7, "fields": {"slug": "part-so", "name": "کفش روزمره زنانه مدل PART-SO", "detail": "کفش زنانه مدل PART-SO یک کفش راحتی برای استفاده روزمره و پیاده‌روی به شمار می‎آید. اکثر افراد برای راحتی بیشتر پا به‌دنبال محصولی سبک و راحت هستند تا در طول روز احساس خستگی کمتری داشته باشند.این کفش راحتی دارای رویه از جنس هورس و ضدآب است. این کفش با بند بسته می‌شود و دارای دوخت‌ در قسمت رویه است که زیبایی خاصی به آن بخشیده است. این کفش راحتی حالت اسپرت دارد و با اکثر شلوارها مانند، جین، کتان و... قابل ست شدن است. زیره ای کفش از جنس ترمو نیز بسیار مقاوم بوده و موجب کاهش فشارهای وارده به پا می‌شود. اگر برای استفاده روزمره خود به‌دنبال کفشی شیک و ساده هستید، این مدل می‌تواند انتخاب مناسبی برای شما باشد.", "cropping": "0,104,1280,1176", "create_at": "2021-02-09T14:52:23.396Z", "update_at": "2021-02-09T14:52:23.420Z", "crop_it": false, "brand": 7, "category": 9, "image": "product/images/121900063.jpg"}}, {"model": "app_product.product", "pk": 8, "fields": {"slug": "women-shoes-324099902", "name": "کفش روزمره زنانه کد 324099902", "detail": "کفش زنانه که رویه آن از جنس چرم مصنوعی و زیره کفش از جنس P.V.C. می باشد. کفش دارای دو عدد کش در کنار زبانه بوده که جهت سهولت در استفاده طراحی شده است. کفش دور دوزی شده و قایبلیت ارتجاعی دارد. مناسب استفاده روزمره می باشد.", "cropping": "0,65,800,735", "create_at": "2021-02-09T15:02:01.750Z", "update_at": "2021-02-09T15:02:01.777Z", "crop_it": false, "brand": 8, "category": 9, "image": "product/images/a9ed7638c11c3877ec50d9bae39db79693263f37_1601279563.jpg"}}, {"model": "app_product.product", "pk": 9, "fields": {"slug": "air-presto", "name": "کفش مخصوص پیاده روی زنانه مدل AIR PRESTO", "detail": "کفش زنانه که جنس رویه چرم مصنوعی و جنس زیره P.Uاست. باز و بسته شدن به وسیله نوار چسبی روی کفش انجام میگیرد. پاشنه کفش لژ دار و مدل پاشنه سه سانت یکسره می باشد. کفی کفش چسبی بوده و مناسب تمام فصول می باشد.", "cropping": "0,61,750,689", "create_at": "2021-02-09T15:18:19.475Z", "update_at": "2021-02-09T15:18:19.491Z", "crop_it": false, "brand": 6, "category": 9, "image": "product/images/9de743870e3ba65778ab34b9cd0a0ab62722f28c_1594817103.jpg"}}, {"model": "app_product.product", "pk": 10, "fields": {"slug": "men-shoes-1000-0", "name": "کفش روزمره زنانه ام تو مدل 1000-01", "detail": "کفش زنانه که جنس رویه آن ساخته شده از چرم مصنوعی. و زیره آنP.V.C می باشد. کفش بوسیله بند باز و بسته می شود. ارتفاع پاشنه کفش سه سانتی و دارای عاج ریز زیر کفش می باشد. بسیار راحت و قابل استفاده طولانی مدت است.", "cropping": "0,130,1600,1470", "create_at": "2021-02-09T15:25:30.115Z", "update_at": "2021-02-09T15:25:30.138Z", "crop_it": false, "brand": 8, "category": 9, "image": "product/images/119850899.jpg"}}, {"model": "app_product.product", "pk": 11, "fields": {"slug": "women-shoes--1000-98", "name": "کفش روزمره زنانه ام تو مدل 1000-98", "detail": "ین کفش راحت مخصوص پیاده روی بوده با توجه به زیره ی مرغوب این کفش برای پیاده روی بسیار نرم راحت بوده.این محصول از بهترین مواد اولیه رویه و زیره تولید شده است", "cropping": "0,130,1600,1470", "create_at": "2021-02-09T15:30:30.078Z", "update_at": "2021-02-09T15:30:30.097Z", "crop_it": false, "brand": 7, "category": 9, "image": "product/images/119886455.jpg"}}, {"model": "app_product.product", "pk": 12, "fields": {"slug": "women-shoes-4021-117", "name": "کفش روزمره زنانه تی اند ال مدل 4021-117", "detail": "ین کفش راحت مخصوص پیاده روی بوده با توجه به زیره ی مرغوب این کفش برای پیاده روی بسیار نرم راحت بوده.این محصول از بهترین مواد اولیه رویه و زیره تولید شده است", "cropping": "0,130,1600,1470", "create_at": "2021-02-09T15:35:03.082Z", "update_at": "2021-02-09T15:35:03.111Z", "crop_it": false, "brand": 6, "category": 9, "image": "product/images/f82f168091397cc313e312b6f1ba27b465798437_1604487616.jpg"}}, {"model": "app_product.product", "pk": 13, "fields": {"slug": "dkp-2201394", "name": "کفش روزمره زنانه کد AR_K118", "detail": "کفش زنانه، جنس زیره کفش از P.V.C و جنس رویه از چرم مصنوعی می باشد. دور تا دور کفش دارای دوخت بوده و بوسیله بند باز و بسته می شود. کفش دارای تیکه دوزی قهوه ای رنگ در کنار کفش است و مناسب استفاده روزمره می باشد.", "cropping": "0,104,1280,1176", "create_at": "2021-02-09T15:38:43.150Z", "update_at": "2021-02-09T15:40:10.072Z", "crop_it": false, "brand": 6, "category": 9, "image": "product/images/115592981_1.jpg"}}, {"model": "app_product.productmeta", "pk": 75, "fields": {"product": 1, "label": "رنگ"}}, {"model": "app_product.productmeta", "pk": 76, "fields": {"product": 1, "label": "جنس"}}, {"model": "app_product.productmeta", "pk": 77, "fields": {"product": 1, "label": "جنس زیره"}}, {"model": "app_product.productmeta", "pk": 78, "fields": {"product": 1, "label": "نحوه بسته شدن"}}, {"model": "app_product.productmeta", "pk": 79, "fields": {"product": 1, "label": "سایز"}}, {"model": "app_product.productmeta", "pk": 80, "fields": {"product": 2, "label": "جنس"}}, {"model": "app_product.productmeta", "pk": 81, "fields": {"product": 2, "label": "نحوه بسته شدن"}}, {"model": "app_product.productmeta", "pk": 82, "fields": {"product": 2, "label": "کفی کفش"}}, {"model": "app_product.productmeta", "pk": 83, "fields": {"product": 2, "label": "ویژگی های تخصصی"}}, {"model": "app_product.productmeta", "pk": 84, "fields": {"product": 2, "label": "جنس زیره"}}, {"model": "app_product.productmeta", "pk": 85, "fields": {"product": 2, "label": "سایز"}}, {"model": "app_product.productmeta", "pk": 86, "fields": {"product": 3, "label": "جنس"}}, {"model": "app_product.productmeta", "pk": 87, "fields": {"product": 3, "label": "جنس زیره"}}, {"model": "app_product.productmeta", "pk": 88, "fields": {"product": 3, "label": "نحوه بسته شدن"}}, {"model": "app_product.productmeta", "pk": 89, "fields": {"product": 3, "label": "کفی کفش"}}, {"model": "app_product.productmeta", "pk": 90, "fields": {"product": 3, "label": "سایز"}}, {"model": "app_product.productmeta", "pk": 91, "fields": {"product": 3, "label": "رنگ"}}, {"model": "app_product.productmeta", "pk": 93, "fields": {"product": 3, "label": "ویژگی های تخصصی"}}, {"model": "app_product.productmeta", "pk": 94, "fields": {"product": 4, "label": "جنس"}}, {"model": "app_product.productmeta", "pk": 95, "fields": {"product": 4, "label": "نحوه بسته شدن"}}, {"model": "app_product.productmeta", "pk": 96, "fields": {"product": 4, "label": "سایز"}}, {"model": "app_product.productmeta", "pk": 97, "fields": {"product": 4, "label": "ویژگی های تخصصی"}}, {"model": "app_product.productmeta", "pk": 98, "fields": {"product": 4, "label": "کفی کفش"}}, {"model": "app_product.productmeta", "pk": 99, "fields": {"product": 4, "label": "جنس زیره"}}, {"model": "app_product.productmeta", "pk": 100, "fields": {"product": 5, "label": "جنس"}}, {"model": "app_product.productmeta", "pk": 101, "fields": {"product": 5, "label": "نحوه بسته شدن"}}, {"model": "app_product.productmeta", "pk": 102, "fields": {"product": 5, "label": "کفی کفش"}}, {"model": "app_product.productmeta", "pk": 103, "fields": {"product": 5, "label": "ویژگی های تخصصی"}}, {"model": "app_product.productmeta", "pk": 104, "fields": {"product": 5, "label": "سایز "}}, {"model": "app_product.productmeta", "pk": 105, "fields": {"product": 5, "label": "رنگ"}}, {"model": "app_product.productmeta", "pk": 106, "fields": {"product": 5, "label": "جنس زیره"}}, {"model": "app_product.productmeta", "pk": 107, "fields": {"product": 6, "label": "جنس"}}, {"model": "app_product.productmeta", "pk": 108, "fields": {"product": 7, "label": "جنس"}}, {"model": "app_product.productmeta", "pk": 109, "fields": {"product": 7, "label": "کفی کفش"}}, {"model": "app_product.productmeta", "pk": 110, "fields": {"product": 7, "label": "زیره کفش"}}, {"model": "app_product.productmeta", "pk": 111, "fields": {"product": 7, "label": "نحوه بسته شدن"}}, {"model": "app_product.productmeta", "pk": 112, "fields": {"product": 7, "label": "سایز"}}, {"model": "app_product.productmeta", "pk": 113, "fields": {"product": 8, "label": "جنس"}}, {"model": "app_product.productmeta", "pk": 114, "fields": {"product": 8, "label": "کفی کفش"}}, {"model": "app_product.productmeta", "pk": 115, "fields": {"product": 8, "label": "زیره کفش"}}, {"model": "app_product.productmeta", "pk": 116, "fields": {"product": 8, "label": "نحوه بسته شدن"}}, {"model": "app_product.productmeta", "pk": 117, "fields": {"product": 8, "label": "سایز"}}, {"model": "app_product.productmeta", "pk": 118, "fields": {"product": 9, "label": "جنس"}}, {"model": "app_product.productmeta", "pk": 119, "fields": {"product": 9, "label": "کفی کفش"}}, {"model": "app_product.productmeta", "pk": 120, "fields": {"product": 9, "label": "زیره کفش"}}, {"model": "app_product.productmeta", "pk": 121, "fields": {"product": 9, "label": "نحوه بسته شدن"}}, {"model": "app_product.productmeta", "pk": 122, "fields": {"product": 9, "label": "سایز "}}, {"model": "app_product.productmeta", "pk": 123, "fields": {"product": 10, "label": "جنس"}}, {"model": "app_product.productmeta", "pk": 124, "fields": {"product": 10, "label": "کفی کفش"}}, {"model": "app_product.productmeta", "pk": 125, "fields": {"product": 10, "label": "زیره کفش"}}, {"model": "app_product.productmeta", "pk": 126, "fields": {"product": 10, "label": "نحوه بسته شدن"}}, {"model": "app_product.productmeta", "pk": 127, "fields": {"product": 10, "label": "سایز"}}, {"model": "app_product.productmeta", "pk": 128, "fields": {"product": 11, "label": "جنس"}}, {"model": "app_product.productmeta", "pk": 129, "fields": {"product": 11, "label": "کفی کفش"}}, {"model": "app_product.productmeta", "pk": 130, "fields": {"product": 11, "label": "زیره کفش"}}, {"model": "app_product.productmeta", "pk": 131, "fields": {"product": 11, "label": "سایز"}}, {"model": "app_product.productmeta", "pk": 132, "fields": {"product": 11, "label": "نحوه بسته شدن"}}, {"model": "app_product.productmeta", "pk": 133, "fields": {"product": 12, "label": "جنس"}}, {"model": "app_product.productmeta", "pk": 134, "fields": {"product": 12, "label": "کفی کفش"}}, {"model": "app_product.productmeta", "pk": 135, "fields": {"product": 12, "label": "زیره کفش"}}, {"model": "app_product.productmeta", "pk": 136, "fields": {"product": 12, "label": "نحوه بسته شدن"}}, {"model": "app_product.productmeta", "pk": 137, "fields": {"product": 12, "label": "سایز"}}, {"model": "app_product.productmeta", "pk": 138, "fields": {"product": 12, "label": ""}}, {"model": "app_product.productmeta", "pk": 139, "fields": {"product": 13, "label": "جنس"}}, {"model": "app_product.productmeta", "pk": 140, "fields": {"product": 13, "label": "کفی کفش"}}, {"model": "app_product.productmeta", "pk": 141, "fields": {"product": 13, "label": "زیره کفش"}}, {"model": "app_product.productmeta", "pk": 142, "fields": {"product": 13, "label": "نحوه بسته شدن"}}, {"model": "app_product.productmeta", "pk": 143, "fields": {"product": 13, "label": "سایز"}}, {"model": "app_product.productmeta", "pk": 144, "fields": {"product": 1, "label": "سازنده"}}, {"model": "app_product.productmeta", "pk": 145, "fields": {"product": 1, "label": ""}}, {"model": "app_product.value", "pk": 136, "fields": {"product_meta": 75, "value": "مشکی"}}, {"model": "app_product.value", "pk": 137, "fields": {"product_meta": 76, "value": "چرم"}}, {"model": "app_product.value", "pk": 138, "fields": {"product_meta": 77, "value": "پلی اورتان"}}, {"model": "app_product.value", "pk": 139, "fields": {"product_meta": 78, "value": "زیپ , بند"}}, {"model": "app_product.value", "pk": 140, "fields": {"product_meta": 79, "value": "۴۲"}}, {"model": "app_product.value", "pk": 141, "fields": {"product_meta": 79, "value": "۴۱"}}, {"model": "app_product.value", "pk": 142, "fields": {"product_meta": 79, "value": "۴۰"}}, {"model": "app_product.value", "pk": 143, "fields": {"product_meta": 80, "value": "چرم مصنوعی"}}, {"model": "app_product.value", "pk": 144, "fields": {"product_meta": 81, "value": "کش , یکسره"}}, {"model": "app_product.value", "pk": 145, "fields": {"product_meta": 82, "value": "قابل تعویض"}}, {"model": "app_product.value", "pk": 146, "fields": {"product_meta": 83, "value": "مقاوم در برابر سایش , ضد آب"}}, {"model": "app_product.value", "pk": 147, "fields": {"product_meta": 84, "value": "لاستیک"}}, {"model": "app_product.value", "pk": 148, "fields": {"product_meta": 85, "value": "۴۰"}}, {"model": "app_product.value", "pk": 149, "fields": {"product_meta": 85, "value": "۴۱"}}, {"model": "app_product.value", "pk": 150, "fields": {"product_meta": 85, "value": "۴۲"}}, {"model": "app_product.value", "pk": 151, "fields": {"product_meta": 85, "value": "۴۳"}}, {"model": "app_product.value", "pk": 152, "fields": {"product_meta": 85, "value": "۴۴"}}, {"model": "app_product.value", "pk": 153, "fields": {"product_meta": 86, "value": "چرم مصنوعی"}}, {"model": "app_product.value", "pk": 154, "fields": {"product_meta": 87, "value": "لاستیک"}}, {"model": "app_product.value", "pk": 155, "fields": {"product_meta": 88, "value": " کش , یکسره"}}, {"model": "app_product.value", "pk": 156, "fields": {"product_meta": 89, "value": "قابل تعویض"}}, {"model": "app_product.value", "pk": 157, "fields": {"product_meta": 90, "value": "۴۳"}}, {"model": "app_product.value", "pk": 158, "fields": {"product_meta": 90, "value": "۴۲"}}, {"model": "app_product.value", "pk": 159, "fields": {"product_meta": 90, "value": "۴۱"}}, {"model": "app_product.value", "pk": 160, "fields": {"product_meta": 91, "value": "مشکی"}}, {"model": "app_product.value", "pk": 161, "fields": {"product_meta": 91, "value": "قهوه ای"}}, {"model": "app_product.value", "pk": 163, "fields": {"product_meta": 93, "value": "مقاوم در برابر سایش , ضد آب"}}, {"model": "app_product.value", "pk": 164, "fields": {"product_meta": 94, "value": "چرم مصنوعی"}}, {"model": "app_product.value", "pk": 165, "fields": {"product_meta": 95, "value": "کش"}}, {"model": "app_product.value", "pk": 166, "fields": {"product_meta": 96, "value": "۴۰"}}, {"model": "app_product.value", "pk": 167, "fields": {"product_meta": 96, "value": "۴۱"}}, {"model": "app_product.value", "pk": 168, "fields": {"product_meta": 96, "value": "۴۲"}}, {"model": "app_product.value", "pk": 169, "fields": {"product_meta": 97, "value": "مقاوم در برابر سایش"}}, {"model": "app_product.value", "pk": 170, "fields": {"product_meta": 98, "value": "قابل تعویض"}}, {"model": "app_product.value", "pk": 171, "fields": {"product_meta": 99, "value": "لاستیک"}}, {"model": "app_product.value", "pk": 172, "fields": {"product_meta": 100, "value": "چرم مصنوعی"}}, {"model": "app_product.value", "pk": 173, "fields": {"product_meta": 101, "value": "کش , یکسره"}}, {"model": "app_product.value", "pk": 174, "fields": {"product_meta": 102, "value": "قابل تعویض"}}, {"model": "app_product.value", "pk": 175, "fields": {"product_meta": 103, "value": "مقاوم در برابر سایش"}}, {"model": "app_product.value", "pk": 176, "fields": {"product_meta": 104, "value": "۴۱"}}, {"model": "app_product.value", "pk": 177, "fields": {"product_meta": 104, "value": "۴۲"}}, {"model": "app_product.value", "pk": 178, "fields": {"product_meta": 104, "value": "۴۳"}}, {"model": "app_product.value", "pk": 179, "fields": {"product_meta": 105, "value": "قهوه ای"}}, {"model": "app_product.value", "pk": 180, "fields": {"product_meta": 106, "value": "لاستیک"}}, {"model": "app_product.value", "pk": 181, "fields": {"product_meta": 107, "value": "چرم"}}, {"model": "app_product.value", "pk": 182, "fields": {"product_meta": 108, "value": "مواد مصنوعی"}}, {"model": "app_product.value", "pk": 183, "fields": {"product_meta": 109, "value": "قابلیت گردش هوا , قابلیت ارتجاعی , قابل تعویض"}}, {"model": "app_product.value", "pk": 184, "fields": {"product_meta": 110, "value": "مقاوم در برابر سایش , قابلیت ارتجاعی , کاهش فشار وارده"}}, {"model": "app_product.value", "pk": 185, "fields": {"product_meta": 111, "value": "بند"}}, {"model": "app_product.value", "pk": 186, "fields": {"product_meta": 112, "value": "۴۱"}}, {"model": "app_product.value", "pk": 187, "fields": {"product_meta": 112, "value": "۴۲"}}, {"model": "app_product.value", "pk": 188, "fields": {"product_meta": 112, "value": "۴۳"}}, {"model": "app_product.value", "pk": 189, "fields": {"product_meta": 113, "value": "چرم مصنوعی"}}, {"model": "app_product.value", "pk": 190, "fields": {"product_meta": 114, "value": "قابلیت گردش هوا , قابل تعویض"}}, {"model": "app_product.value", "pk": 191, "fields": {"product_meta": 115, "value": "قابلیت ارتجاعی , کاهش فشار وارده"}}, {"model": "app_product.value", "pk": 192, "fields": {"product_meta": 116, "value": "کش"}}, {"model": "app_product.value", "pk": 193, "fields": {"product_meta": 117, "value": "۳۹"}}, {"model": "app_product.value", "pk": 194, "fields": {"product_meta": 117, "value": "۴۰"}}, {"model": "app_product.value", "pk": 195, "fields": {"product_meta": 117, "value": "۴۱"}}, {"model": "app_product.value", "pk": 196, "fields": {"product_meta": 118, "value": "پارچه مش"}}, {"model": "app_product.value", "pk": 197, "fields": {"product_meta": 119, "value": "قابلیت گردش هوا , قابلیت ارتجاعی , طبی , قابل تعویض , بالشتک هوا"}}, {"model": "app_product.value", "pk": 198, "fields": {"product_meta": 120, "value": "قابلیت گردش هوا , مقاوم در برابر سایش , آج دار , قابلیت ارتجاعی , کاهش فشار وارده"}}, {"model": "app_product.value", "pk": 199, "fields": {"product_meta": 121, "value": "بند"}}, {"model": "app_product.value", "pk": 200, "fields": {"product_meta": 122, "value": "۳۶"}}, {"model": "app_product.value", "pk": 201, "fields": {"product_meta": 122, "value": "۳۷"}}, {"model": "app_product.value", "pk": 202, "fields": {"product_meta": 122, "value": "۳۸"}}, {"model": "app_product.value", "pk": 203, "fields": {"product_meta": 122, "value": "۳۹"}}, {"model": "app_product.value", "pk": 204, "fields": {"product_meta": 123, "value": "چرم مصنوعی"}}, {"model": "app_product.value", "pk": 205, "fields": {"product_meta": 124, "value": "ساده"}}, {"model": "app_product.value", "pk": 206, "fields": {"product_meta": 125, "value": "تخت"}}, {"model": "app_product.value", "pk": 207, "fields": {"product_meta": 126, "value": "بند"}}, {"model": "app_product.value", "pk": 208, "fields": {"product_meta": 127, "value": "۳۶"}}, {"model": "app_product.value", "pk": 209, "fields": {"product_meta": 127, "value": "۳۶"}}, {"model": "app_product.value", "pk": 210, "fields": {"product_meta": 127, "value": "۳۸"}}, {"model": "app_product.value", "pk": 211, "fields": {"product_meta": 128, "value": "چرم مصنوعی"}}, {"model": "app_product.value", "pk": 212, "fields": {"product_meta": 129, "value": "ساده"}}, {"model": "app_product.value", "pk": 213, "fields": {"product_meta": 130, "value": "تخت"}}, {"model": "app_product.value", "pk": 214, "fields": {"product_meta": 131, "value": "۳۷"}}, {"model": "app_product.value", "pk": 215, "fields": {"product_meta": 131, "value": "۳۸"}}, {"model": "app_product.value", "pk": 216, "fields": {"product_meta": 131, "value": "۳۹"}}, {"model": "app_product.value", "pk": 217, "fields": {"product_meta": 131, "value": "۴۰"}}, {"model": "app_product.value", "pk": 218, "fields": {"product_meta": 131, "value": "۴۱"}}, {"model": "app_product.value", "pk": 219, "fields": {"product_meta": 132, "value": "بند"}}, {"model": "app_product.value", "pk": 220, "fields": {"product_meta": 133, "value": "چرم مصنوعی"}}, {"model": "app_product.value", "pk": 221, "fields": {"product_meta": 134, "value": "ساده"}}, {"model": "app_product.value", "pk": 222, "fields": {"product_meta": 135, "value": "تخت"}}, {"model": "app_product.value", "pk": 223, "fields": {"product_meta": 136, "value": "یکسره"}}, {"model": "app_product.value", "pk": 224, "fields": {"product_meta": 137, "value": "۳۶"}}, {"model": "app_product.value", "pk": 225, "fields": {"product_meta": 137, "value": "۳۷"}}, {"model": "app_product.value", "pk": 226, "fields": {"product_meta": 137, "value": "۳۸"}}, {"model": "app_product.value", "pk": 227, "fields": {"product_meta": 138, "value": ""}}, {"model": "app_product.value", "pk": 228, "fields": {"product_meta": 139, "value": "پارچه"}}, {"model": "app_product.value", "pk": 229, "fields": {"product_meta": 140, "value": "قابل تعویض , ساده"}}, {"model": "app_product.value", "pk": 230, "fields": {"product_meta": 141, "value": "مقاوم در برابر سایش"}}, {"model": "app_product.value", "pk": 231, "fields": {"product_meta": 142, "value": "بند"}}, {"model": "app_product.value", "pk": 232, "fields": {"product_meta": 143, "value": "۳۷"}}, {"model": "app_product.value", "pk": 233, "fields": {"product_meta": 143, "value": "۳۸"}}, {"model": "app_product.value", "pk": 234, "fields": {"product_meta": 143, "value": "۳۹"}}, {"model": "app_product.value", "pk": 235, "fields": {"product_meta": 144, "value": "آسیا"}}, {"model": "app_product.value", "pk": 236, "fields": {"product_meta": 144, "value": "اروپا"}}, {"model": "app_product.value", "pk": 237, "fields": {"product_meta": 144, "value": "آمریکا"}}, {"model": "app_product.value", "pk": 238, "fields": {"product_meta": 145, "value": ""}}, {"model": "app_product.brand", "pk": 1, "fields": {"name": "LG", "cropping": "0,11,196,175", "create_at": "2021-02-07T19:53:00.861Z", "update_at": "2021-02-07T19:53:00.861Z", "crop_it": false, "image": "brand/images/logo-b2c.jpg"}}, {"model": "app_product.brand", "pk": 2, "fields": {"name": "samsung", "cropping": "132,0,526,330", "create_at": "2021-02-07T19:58:04.435Z", "update_at": "2021-02-07T19:58:28.757Z", "crop_it": false, "image": "brand/images/images.jpeg"}}, {"model": "app_product.brand", "pk": 3, "fields": {"name": "هنر گستر", "cropping": "54,0,949,750", "create_at": "2021-02-07T20:01:21.486Z", "update_at": "2021-02-07T20:01:21.486Z", "crop_it": false, "image": "brand/images/1186_logo.png"}}, {"model": "app_product.brand", "pk": 4, "fields": {"name": "لویی ویتون", "cropping": "10,0,141,110", "create_at": "2021-02-07T20:07:21.306Z", "update_at": "2021-02-07T20:07:21.306Z", "crop_it": false, "image": "brand/images/download.png"}}, {"model": "app_product.brand", "pk": 5, "fields": {"name": "xiaomi", "cropping": "0,8,100,92", "create_at": "2021-02-07T20:08:33.737Z", "update_at": "2021-02-07T20:08:33.737Z", "crop_it": false, "image": "brand/images/100px-Xiaomi_logo.svg.png"}}, {"model": "app_product.brand", "pk": 6, "fields": {"name": "فریمود", "cropping": "0,102,1280,1174", "create_at": "2021-02-09T05:15:56.591Z", "update_at": "2021-02-09T05:16:09.972Z", "crop_it": false, "image": "brand/images/com.dizbon.market_512x512.png"}}, {"model": "app_product.brand", "pk": 7, "fields": {"name": "کفش قاضی", "cropping": "0,42,512,470", "create_at": "2021-02-09T09:31:01.200Z", "update_at": "2021-02-09T09:31:01.200Z", "crop_it": false, "image": "brand/images/app.onlinema.ir_512x512.png"}}, {"model": "app_product.brand", "pk": 8, "fields": {"name": "نگار", "cropping": "60,0,240,150", "create_at": "2021-02-09T10:04:53.153Z", "update_at": "2021-02-09T10:04:53.153Z", "crop_it": false, "image": "brand/images/download_0oNZjXl.png"}}, {"model": "app_product.category", "pk": 1, "fields": {"slug": "digital", "name": "دیجیتال", "detail": "کالای دیجیتال و الکتریکی", "cropping": "121,0,513,328", "create_at": "2021-02-07T18:41:31.182Z", "update_at": "2021-02-07T18:41:46.492Z", "crop_it": false, "parent": null, "image": "category/images/technology-geometric-technology-modern-concept-abstract-texture-backgrou_TIJZNwg.jpg"}}, {"model": "app_product.category", "pk": 2, "fields": {"slug": "fashion", "name": "مد‌ و پوشاک", "detail": "کالای مربوظ به پوشاک و مد", "cropping": "422,0,3670,2720", "create_at": "2021-02-07T18:44:54.738Z", "update_at": "2021-02-07T18:45:29.000Z", "crop_it": false, "parent": null, "image": "category/images/mshiq46ukchs.jpeg"}}, {"model": "app_product.category", "pk": 3, "fields": {"slug": "art", "name": "لوازم تحریر و هنر", "detail": "کالای مروط به لوازم تحریر و هنر", "cropping": "0,0,600,502", "create_at": "2021-02-07T18:52:55.705Z", "update_at": "2021-02-07T18:53:03.784Z", "crop_it": false, "parent": null, "image": "category/images/لوازم-تحریر_1.jpg"}}, {"model": "app_product.category", "pk": 4, "fields": {"slug": "kitchen", "name": "آشپزخانه", "detail": "کالای مربوط به خانه و آشپزخانه", "cropping": "0,74,450,450", "create_at": "2021-02-07T18:56:14.151Z", "update_at": "2021-02-07T18:56:22.697Z", "crop_it": false, "parent": null, "image": "category/images/design7.jpg"}}, {"model": "app_product.category", "pk": 5, "fields": {"slug": "shoes", "name": "کفش", "detail": "کالای مربوط به کفش و کتانی", "cropping": "59,0,521,386", "create_at": "2021-02-07T20:34:03.079Z", "update_at": "2021-02-07T20:34:03.079Z", "crop_it": false, "parent": 2, "image": "category/images/de13bedba8ab6783e2e460ff0e58e0a5.jpg"}}, {"model": "app_product.category", "pk": 6, "fields": {"slug": "tshirt", "name": "تی‌شرت", "detail": "کالای مربوط به تی‌شرت", "cropping": "0,18,225,206", "create_at": "2021-02-07T20:39:41.241Z", "update_at": "2021-02-07T20:52:31.698Z", "crop_it": false, "parent": 2, "image": "category/images/download.jpeg"}}, {"model": "app_product.category", "pk": 7, "fields": {"slug": "manto", "name": "مانتو", "detail": "کالای مربوط به مانتو", "cropping": "0,30,450,407", "create_at": "2021-02-07T20:41:39.424Z", "update_at": "2021-02-07T20:41:39.424Z", "crop_it": false, "parent": 2, "image": "category/images/Manto-Amazing-2014-4.jpg"}}, {"model": "app_product.category", "pk": 8, "fields": {"slug": "men-shoes", "name": "کفش های مردانه", "detail": "کالای مربوط به کفش های مردانه", "cropping": "5,0,246,201", "create_at": "2021-02-07T20:47:43.029Z", "update_at": "2021-02-07T20:47:43.029Z", "crop_it": false, "parent": 5, "image": "category/images/images_1.jpeg"}}, {"model": "app_product.category", "pk": 9, "fields": {"slug": "women-shoes", "name": "کفش های زنانه", "detail": "کالای مربوط به کفش های زنانه", "cropping": "0,18,225,207", "create_at": "2021-02-07T20:51:22.244Z", "update_at": "2021-02-07T20:51:22.244Z", "crop_it": false, "parent": 5, "image": "category/images/images_2.jpeg"}}, {"model": "app_product.gallery", "pk": 1, "fields": {"product": 1, "image": "product/GalleryImage/ff50d32d67891e0aee4bb40e40361bc997bc56df_1606973274.jpg"}}, {"model": "app_product.gallery", "pk": 2, "fields": {"product": 1, "image": "product/GalleryImage/53543fd99d78a85614d9f23b872474d5f1a02a03_1606973297.jpg"}}, {"model": "app_product.gallery", "pk": 3, "fields": {"product": 1, "image": "product/GalleryImage/9e7f021769fae172956179a9972c40b814ee8e22_1607405149.jpg"}}, {"model": "app_product.gallery", "pk": 4, "fields": {"product": 2, "image": "product/GalleryImage/1d1ea00019f628f1e24b44d3614f4785785b82ba_1594715661.jpg"}}, {"model": "app_product.gallery", "pk": 5, "fields": {"product": 2, "image": "product/GalleryImage/78e491c9fc9976867e942c54d9d0a078e7f2099a_1594715659.jpg"}}, {"model": "app_product.gallery", "pk": 6, "fields": {"product": 2, "image": "product/GalleryImage/4346e965e3ad77313d53b71811c04239f776fed2_1594715663.jpg"}}, {"model": "app_product.gallery", "pk": 7, "fields": {"product": 3, "image": "product/GalleryImage/ec0dfcb7a4bb3fa068c768d3c85188d0b8d8d46a_1595864634.jpg"}}, {"model": "app_product.gallery", "pk": 8, "fields": {"product": 3, "image": "product/GalleryImage/1658737df16100c1c1c94c7b3e80bec66c88e3a1_1595864586.jpg"}}, {"model": "app_product.gallery", "pk": 9, "fields": {"product": 4, "image": "product/GalleryImage/121294413.jpg"}}, {"model": "app_product.gallery", "pk": 10, "fields": {"product": 4, "image": "product/GalleryImage/121294414.jpg"}}, {"model": "app_product.gallery", "pk": 11, "fields": {"product": 5, "image": "product/GalleryImage/31f64756210157c7a9ea0a1c4d60327fe132a27a_1593672312.jpg"}}, {"model": "app_product.gallery", "pk": 12, "fields": {"product": 5, "image": "product/GalleryImage/474ce5c795380c8927247595e942f57e449097f6_1593672300.jpg"}}, {"model": "app_product.gallery", "pk": 13, "fields": {"product": 5, "image": "product/GalleryImage/e344e07400229b63220d4815107f2038fdaef775_1593672270_1.jpg"}}, {"model": "app_product.gallery", "pk": 14, "fields": {"product": 6, "image": "product/GalleryImage/115277240.jpg"}}, {"model": "app_product.gallery", "pk": 15, "fields": {"product": 6, "image": "product/GalleryImage/115277231.jpg"}}, {"model": "app_product.gallery", "pk": 17, "fields": {"product": 6, "image": "product/GalleryImage/115277242.jpg"}}, {"model": "app_product.gallery", "pk": 18, "fields": {"product": 7, "image": "product/GalleryImage/121900062.jpg"}}, {"model": "app_product.gallery", "pk": 19, "fields": {"product": 7, "image": "product/GalleryImage/121900057.jpg"}}, {"model": "app_product.gallery", "pk": 20, "fields": {"product": 8, "image": "product/GalleryImage/a3892813c89b33ee74b3ab7e3ac16ef96ad448a2_1601279564.jpg"}}, {"model": "app_product.gallery", "pk": 21, "fields": {"product": 8, "image": "product/GalleryImage/a937054b359d45b4aee1044e79b2c6d44960b8a8_1601279565.jpg"}}, {"model": "app_product.gallery", "pk": 22, "fields": {"product": 8, "image": "product/GalleryImage/b2462b0722830bc9985b7b7b2ea3dc6160519b20_1601279559.jpg"}}, {"model": "app_product.gallery", "pk": 23, "fields": {"product": 9, "image": "product/GalleryImage/00faacbb6375c1ec06154ba56f0b49b1cc1f4936_1594817104.jpg"}}, {"model": "app_product.gallery", "pk": 24, "fields": {"product": 9, "image": "product/GalleryImage/068a02e307987299a068e60b810f902565b2aba6_1594817102.jpg"}}, {"model": "app_product.gallery", "pk": 25, "fields": {"product": 9, "image": "product/GalleryImage/4ed0e231f5615f3b13b9f8769a429e6edf3f7a13_1594817052.jpg"}}, {"model": "app_product.gallery", "pk": 26, "fields": {"product": 9, "image": "product/GalleryImage/77cba5eb6d09fb7eb0e38ed49df1942f648f87f6_1594817104.jpg"}}, {"model": "app_product.gallery", "pk": 27, "fields": {"product": 10, "image": "product/GalleryImage/119850879.jpg"}}, {"model": "app_product.gallery", "pk": 28, "fields": {"product": 10, "image": "product/GalleryImage/119850884.jpg"}}, {"model": "app_product.gallery", "pk": 29, "fields": {"product": 10, "image": "product/GalleryImage/119850886.jpg"}}, {"model": "app_product.gallery", "pk": 30, "fields": {"product": 10, "image": "product/GalleryImage/119850890.jpg"}}, {"model": "app_product.gallery", "pk": 31, "fields": {"product": 11, "image": "product/GalleryImage/119886455.jpg"}}, {"model": "app_product.gallery", "pk": 32, "fields": {"product": 11, "image": "product/GalleryImage/119886442.jpg"}}, {"model": "app_product.gallery", "pk": 33, "fields": {"product": 11, "image": "product/GalleryImage/119886444.jpg"}}, {"model": "app_product.gallery", "pk": 34, "fields": {"product": 11, "image": "product/GalleryImage/119886448.jpg"}}, {"model": "app_product.gallery", "pk": 35, "fields": {"product": 12, "image": "product/GalleryImage/bd54e5b1eb835c9a2c32d1d2b78125c5bcf0f455_1604487618.jpg"}}, {"model": "app_product.gallery", "pk": 36, "fields": {"product": 12, "image": "product/GalleryImage/bfb32db62df6c9d2a3c0faf8cb5533323211adc5_1604487617.jpg"}}, {"model": "app_product.gallery", "pk": 37, "fields": {"product": 12, "image": "product/GalleryImage/d10c2539cc2c6a58faeac81213ffc95dfc890157_1604487620.jpg"}}, {"model": "app_product.gallery", "pk": 38, "fields": {"product": 13, "image": "product/GalleryImage/115592988_1.jpg"}}, {"model": "app_product.shop", "pk": 1, "fields": {"slug": "atma", "name": "اتما", "detail": "فروشگاه آنلاین اتما اولین فروشگاه اینترنتی اقساطی کشور است که از سال 1391 تحت نظارت اتحادیه تعاونی های مصرف فرهنگیان شروع به فعالیت کرده است، عمده فعالیت این فروشگاه در زمینه لوازم خانگی و کالای دیجیتال بوده و برای فرهنگیان، کارمندان دولت و دارندگان کارت حکمت، تسهیلات ویژه ای ارائه می‌دهد.\r\n\r\nتمام کاربران فروشگاه آنلاین اتما برای خرید اقساطی خود، می توانند با معرفی یک ضامن فرهنگی یا کارمند بدون نیاز به چک بانکی تا سقف 20 میلیون خرید کنند و اقساط آن را به صورت کسر از حقوق پرداخت نمایند. حتی این سایت امکان خرید خودرو را نیز به شکل قسطی فراهم آورده است. شما می‌توانید در مناسبت‌های رسمی در جشنواره های فروش این فروشگاه شرکت کنید و از تخفیف های جذابی بهره‌مند شوید.", "cropping": "0,8,100,92", "create_at": "2021-02-07T20:18:01.760Z", "update_at": "2021-02-07T20:18:01.760Z", "crop_it": false, "user": 1, "image": "shop/images/etma.jpg"}}, {"model": "app_product.shop", "pk": 2, "fields": {"slug": "alyar", "name": "آلیار", "detail": "فروشگاه اینترنتی آلیار در بهمن ماه 1396 در زمینه وسایل موردنیاز جامعه به هدف ایجاد خریدی راحت‌تر و با صرفه‌تر شروع به کار کرد. این فروشگاه اینترنتی به دلیل خدمات با کیفتی که ارائه می‌داد، خیلی زود توانست جایگاه خود را در بین کسب‌وکارهای اینترنتی باز کند و با گذشت تنها چند ماه دسته‌های محصولات خود را گسترش داد. \r\nارائه بهترین محصولات با قیمت پایین، دسترسی به تنوع کاملی از محصولات، تحویل به موقع و سریع و همچنین خدمات پس از فروش به مشتریان، از مهمترین اهداف فروشگاه اینترنتی آلیار است. این فروشگاه اینترنتی توانسته با ارائه تنوع عظیمی از محصولات، تمامی اقشارجامعه با هرسلیقه و رده سنی را پوشش داده و با ارائه توضیحات موردنیاز و مقایسه آن با سایرمحصولات، امکان بهترین انتخاب در کمترین زمان را برای مصرف‌کننده میسر سازد.\r\n\r\nهمچنین می‌توان با دانلود اپلیکیشن آلیار، خریداینترنتی راحت‌تر در هر زمان و مکان را تجربه کرد. فروشگاه اینترنتی آلیار با برگزاری انواع کمپین‌های مناسبتی، کدهای تخفیف هیجان‌انگیزی را در اختیار مشتریان خود قرار می‌دهد. از طرفی نیز می توان در سیستم همکاری در فروش (افیلیت مارکتینگ) فروشگاه اینترنتی آلیار، با عضویت در سایت و  ارسال درخواست همکاری، بدون سرمایه ی اولیه کسب درآمد کرد.", "cropping": "43,0,113,58", "create_at": "2021-02-07T20:19:44.192Z", "update_at": "2021-02-07T20:19:44.192Z", "crop_it": false, "user": 2, "image": "shop/images/aylar.jpg"}}, {"model": "app_product.shopproduct", "pk": 1, "fields": {"shop": 1, "product": 1, "price": 590000, "quantity": 32}}, {"model": "app_product.shopproduct", "pk": 2, "fields": {"shop": 1, "product": 2, "price": 99000, "quantity": 67}}, {"model": "app_product.shopproduct", "pk": 3, "fields": {"shop": 1, "product": 3, "price": 119070, "quantity": 54}}, {"model": "app_product.shopproduct", "pk": 4, "fields": {"shop": 1, "product": 4, "price": 99350, "quantity": 34}}, {"model": "app_product.shopproduct", "pk": 5, "fields": {"shop": 1, "product": 5, "price": 99000, "quantity": 46}}, {"model": "app_product.shopproduct", "pk": 6, "fields": {"shop": 1, "product": 6, "price": 380000, "quantity": 78}}, {"model": "app_product.shopproduct", "pk": 7, "fields": {"shop": 1, "product": 7, "price": 122000, "quantity": 43}}, {"model": "app_product.shopproduct", "pk": 8, "fields": {"shop": 1, "product": 8, "price": 121100, "quantity": 42}}, {"model": "app_product.shopproduct", "pk": 9, "fields": {"shop": 1, "product": 9, "price": 652000, "quantity": 43}}, {"model": "app_product.shopproduct", "pk": 10, "fields": {"shop": 1, "product": 10, "price": 249000, "quantity": 45}}, {"model": "app_product.shopproduct", "pk": 11, "fields": {"shop": 1, "product": 11, "price": 372000, "quantity": 46}}, {"model": "app_product.shopproduct", "pk": 12, "fields": {"shop": 1, "product": 12, "price": 350000, "quantity": 45}}, {"model": "app_product.shopproduct", "pk": 13, "fields": {"shop": 1, "product": 13, "price": 33000, "quantity": 45}}, {"model": "app_product.comment", "pk": 1, "fields": {"product": 1, "user": 1, "create_at": "2021-02-11T11:47:55.206Z", "update_at": "2021-02-11T11:47:55.206Z", "text": "salam", "rate": 3}}, {"model": "app_product.like", "pk": 1, "fields": {"user": 1, "products": 1, "condition": true}}, {"model": "app_account.user", "pk": 1, "fields": {"password": "pbkdf2_sha256$216000$d6sKSwbVEIUd$jRhA5CpUO5Vu0jqjjUKNERalXzomzZBO3Bxy35viUVY=", "last_login": "2021-02-11T11:57:39.847Z", "is_superuser": true, "email": "mohsn@gmail.com", "full_name": "محسن محسنی", "phone": 0, "avatar": "default/default_profile.png", "is_seller": true, "is_staff": true, "is_active": true, "groups": [], "user_permissions": []}}, {"model": "app_account.user", "pk": 2, "fields": {"password": "pbkdf2_sha256$216000$unXO46HXX6Rn$4K4TM0ikDrdCQgvAWHn0epovffTvBL6PdirpDkFAXjI=", "last_login": "2021-02-07T20:18:36.481Z", "is_superuser": false, "email": "a@gmail.com", "full_name": "کاربر شماره ۱", "phone": 0, "avatar": "default/default_profile.png", "is_seller": true, "is_staff": false, "is_active": true, "groups": [], "user_permissions": []}}, {"model": "app_account.user", "pk": 3, "fields": {"password": "pbkdf2_sha256$216000$maxsXoL59GH1$1wnuc27fREooEPSAQJj2LZ5PE2nu6V0L1Ph0Ipf4ZEI=", "last_login": null, "is_superuser": false, "email": "b@gamil.com", "full_name": "کاربر شماره ۲", "phone": 0, "avatar": "default/default_profile.png", "is_seller": false, "is_staff": false, "is_active": true, "groups": [], "user_permissions": []}}, {"model": "app_account.user", "pk": 4, "fields": {"password": "pbkdf2_sha256$216000$gjlStLOYwhTm$F3qjRLxQmdC6l42njfTkYnRCmn1VVScMRdxeoT8zVus=", "last_login": "2021-02-11T11:58:13.146Z", "is_superuser": false, "email": "c@gmail.com", "full_name": "mohsn", "phone": 0, "avatar": "default/default_profile.png", "is_seller": false, "is_staff": false, "is_active": true, "groups": [], "user_permissions": []}}, {"model": "app_order.cart", "pk": 1, "fields": {"user": 1}}, {"model": "app_order.cart", "pk": 2, "fields": {"user": 2}}, {"model": "app_order.cart", "pk": 3, "fields": {"user": 3}}, {"model": "app_order.cart", "pk": 4, "fields": {"user": 4}}, {"model": "app_order.cartmeta", "pk": 12, "fields": {"cart": 4, "shop_product": 1, "label": "سایز", "value": "۴۲"}}, {"model": "app_order.cartmeta", "pk": 13, "fields": {"cart": 4, "shop_product": 1, "label": "سازنده", "value": "آمریکا"}}, {"model": "app_order.cartmeta", "pk": 14, "fields": {"cart": 4, "shop_product": 1, "label": "سایز", "value": "۴۲"}}, {"model": "app_order.cartmeta", "pk": 15, "fields": {"cart": 4, "shop_product": 1, "label": "سازنده", "value": "آمریکا"}}, {"model": "app_order.cartmeta", "pk": 16, "fields": {"cart": 4, "shop_product": 1, "label": "سایز", "value": "۴۰"}}, {"model": "app_order.cartmeta", "pk": 17, "fields": {"cart": 4, "shop_product": 1, "label": "سایز", "value": "۴۰"}}, {"model": "app_order.cartmeta", "pk": 18, "fields": {"cart": 4, "shop_product": 1, "label": "سازنده", "value": "آمریکا"}}, {"model": "app_order.order", "pk": 1, "fields": {"cart": 1, "create_at": "2021-02-11T11:52:44.577Z", "description": ""}}, {"model": "app_order.ordermeta", "pk": 1, "fields": {"order": 1, "shop_product": 5, "label": "سایز", "value": "۴۳"}}, {"model": "app_order.ordermeta", "pk": 2, "fields": {"order": 1, "shop_product": 5, "label": "سایز", "value": "۴۳"}}, {"model": "app_order.orderitem", "pk": 1, "fields": {"order": 1, "shop_product": 5, "count": 2, "price": 99000}}, {"model": "app_siteview.slideshowimage", "pk": 1, "fields": {"action_text": "35% تخفیف", "action_url": "https://www.pucik.com.au", "description": "35% درصد تخفیف برای کسی که دوسش دارید", "crop_it": false, "image": "slideShowPictures/images/d9232997726ad0bb7dd860fa1aec381643dc04f7_1612343567.jpg", "cropping": "0,14,400,286", "end_time": "2021-02-28T19:11:08Z"}}, {"model": "app_siteview.slideshowimage", "pk": 2, "fields": {"action_text": "خرید از خونه آسون و ارزونه", "action_url": "https://www.quze.us", "description": "با این کد تخفیف در خانه بمانید و خرید کنید", "crop_it": false, "image": "slideShowPictures/images/4d061e990e57679de1c7799750cbd308ddc61bc4_1612549426.jpg", "cropping": "113,0,743,428", "end_time": "2021-02-21T00:00:00Z"}}, {"model": "app_siteview.slideshowimage", "pk": 3, "fields": {"action_text": "جشنواره فروش محصولات", "action_url": "https://www.pupydefavomasuq.me", "description": "در این جشنواره صاحب 40% درصد تخفیف شوید", "crop_it": false, "image": "slideShowPictures/images/016b83e80a6b6fe9c40aa4eef50d772758f5175d_1612267268.jpg", "cropping": "189,0,631,300", "end_time": "2021-02-24T12:00:00Z"}}, {"model": "app_siteview.slideshowimage", "pk": 4, "fields": {"action_text": "50 هزار تومان تخفیف", "action_url": "https://www.bamo.me", "description": "تخفیف برای اولین خرید بالای 250 هزار تومان", "crop_it": false, "image": "slideShowPictures/images/542792fbaf0084c10374431318735c124a004af4_1612556433.jpg", "cropping": "113,0,743,428", "end_time": "2021-02-25T19:34:53Z"}}, {"model": "easy_thumbnails.source", "pk": 1, "fields": {"storage_hash": "f9bde26a1556cd667f742bd34ec7c55e", "name": "category/images/technology-geometric-technology-modern-concept-abstract-texture-backgrou_TIJZNwg.jpg", "modified": "2021-02-07T18:41:48.916Z"}}, {"model": "easy_thumbnails.source", "pk": 2, "fields": {"storage_hash": "f9bde26a1556cd667f742bd34ec7c55e", "name": "category/images/mshiq46ukchs.jpeg", "modified": "2021-02-07T18:44:58.337Z"}}, {"model": "easy_thumbnails.source", "pk": 3, "fields": {"storage_hash": "f9bde26a1556cd667f742bd34ec7c55e", "name": "category/images/لوازم-تحریر_1.jpg", "modified": "2021-02-07T18:52:58.985Z"}}, {"model": "easy_thumbnails.source", "pk": 4, "fields": {"storage_hash": "f9bde26a1556cd667f742bd34ec7c55e", "name": "category/images/design7.jpg", "modified": "2021-02-07T18:56:17.577Z"}}, {"model": "easy_thumbnails.source", "pk": 5, "fields": {"storage_hash": "f9bde26a1556cd667f742bd34ec7c55e", "name": "brand/images/Samsung-Logo.jpg", "modified": "2021-02-07T19:58:12.143Z"}}, {"model": "easy_thumbnails.source", "pk": 6, "fields": {"storage_hash": "f9bde26a1556cd667f742bd34ec7c55e", "name": "category/images/download.jpeg", "modified": "2021-02-07T20:52:24.354Z"}}, {"model": "easy_thumbnails.source", "pk": 7, "fields": {"storage_hash": "f9bde26a1556cd667f742bd34ec7c55e", "name": "shop/images/aylar.jpg", "modified": "2021-02-08T06:09:15.863Z"}}, {"model": "easy_thumbnails.source", "pk": 8, "fields": {"storage_hash": "f9bde26a1556cd667f742bd34ec7c55e", "name": "brand/images/com.dizbon.market_512x512.png", "modified": "2021-02-09T05:28:14.502Z"}}, {"model": "easy_thumbnails.source", "pk": 9, "fields": {"storage_hash": "f9bde26a1556cd667f742bd34ec7c55e", "name": "product/images/115277235.jpg", "modified": "2021-02-09T10:08:08.292Z"}}, {"model": "easy_thumbnails.thumbnail", "pk": 1, "fields": {"storage_hash": "d26becbf46ac48eda79c7a39a13a02dd", "name": "category/images/technology-geometric-technology-modern-concept-abstract-texture-backgrou_TIJZNwg.jpg.300x300_q85_detail_upscale.jpg", "modified": "2021-02-07T18:41:48.922Z", "source": 1}}, {"model": "easy_thumbnails.thumbnail", "pk": 2, "fields": {"storage_hash": "d26becbf46ac48eda79c7a39a13a02dd", "name": "category/images/mshiq46ukchs.jpeg.300x300_q85_detail_upscale.jpg", "modified": "2021-02-07T18:44:58.343Z", "source": 2}}, {"model": "easy_thumbnails.thumbnail", "pk": 3, "fields": {"storage_hash": "d26becbf46ac48eda79c7a39a13a02dd", "name": "category/images/لوازم-تحریر_1.jpg.300x300_q85_detail_upscale.jpg", "modified": "2021-02-07T18:52:58.990Z", "source": 3}}, {"model": "easy_thumbnails.thumbnail", "pk": 4, "fields": {"storage_hash": "d26becbf46ac48eda79c7a39a13a02dd", "name": "category/images/design7.jpg.300x300_q85_detail_upscale.jpg", "modified": "2021-02-07T18:56:17.583Z", "source": 4}}, {"model": "easy_thumbnails.thumbnail", "pk": 5, "fields": {"storage_hash": "d26becbf46ac48eda79c7a39a13a02dd", "name": "brand/images/Samsung-Logo.jpg.300x300_q85_detail_upscale.jpg", "modified": "2021-02-07T19:58:12.155Z", "source": 5}}, {"model": "easy_thumbnails.thumbnail", "pk": 6, "fields": {"storage_hash": "d26becbf46ac48eda79c7a39a13a02dd", "name": "category/images/download.jpeg.300x300_q85_detail_upscale.jpg", "modified": "2021-02-07T20:52:24.361Z", "source": 6}}, {"model": "easy_thumbnails.thumbnail", "pk": 7, "fields": {"storage_hash": "d26becbf46ac48eda79c7a39a13a02dd", "name": "shop/images/aylar.jpg.300x300_q85_detail_upscale.jpg", "modified": "2021-02-08T06:09:15.870Z", "source": 7}}, {"model": "easy_thumbnails.thumbnail", "pk": 8, "fields": {"storage_hash": "d26becbf46ac48eda79c7a39a13a02dd", "name": "brand/images/com.dizbon.market_512x512.png.300x300_q85_detail_upscale.png", "modified": "2021-02-09T05:28:14.508Z", "source": 8}}, {"model": "easy_thumbnails.thumbnail", "pk": 9, "fields": {"storage_hash": "d26becbf46ac48eda79c7a39a13a02dd", "name": "product/images/115277235.jpg.300x300_q85_detail_upscale.jpg", "modified": "2021-02-09T10:08:08.305Z", "source": 9}}]